data;par;tendencia;nota;er_pct;juros_pct;cot_pct;vix_pct
2018-01-05;AUDUSD;1;0;0.30;0.32;;0.00
2018-01-05;EURCHF;1;0;0.72;;;0.00
2018-01-05;GBPNZD;1;0;0.37;;;0.00
2018-01-05;CADJPY;1;0;0.31;0.62;;0.00
2018-01-05;EURAUD;1;0;0.26;0.15;;0.00
2018-01-05;AUDCAD;-1;0;0.02;0.60;;0.00
2018-01-05;GBPCAD;1;0;0.49;0.41;;0.00
2018-01-05;EURNZD;1;0;0.20;;;0.00
2018-01-12;AUDUSD;1;0;0.10;0.32;;0.00
2018-01-12;EURCHF;1;0;0.73;;;0.00
2018-01-12;GBPNZD;1;0;0.32;;;0.00
2018-01-12;CADJPY;-1;0;0.06;0.62;;0.00
2018-01-12;EURAUD;1;0;0.44;0.15;;0.00
2018-01-12;AUDCAD;1;0;0.07;0.60;;0.00
2018-01-12;GBPCAD;1;0;0.55;0.41;;0.00
2018-01-12;EURNZD;1;0;0.26;;;0.00
2018-01-19;AUDUSD;1;0;0.53;0.32;;0.02
2018-01-19;EURCHF;1;0;0.52;;;0.02
2018-01-19;GBPNZD;1;0;0.10;;;0.02
2018-01-19;CADJPY;-1;0;0.27;0.62;;0.02
2018-01-19;EURAUD;1;0;0.29;0.15;;0.02
2018-01-19;AUDCAD;1;0;0.36;0.60;;0.02
2018-01-19;GBPCAD;1;0;0.68;0.41;;0.02
2018-01-19;EURNZD;1;0;0.11;;;0.02
2018-01-26;AUDUSD;1;1;0.91;0.32;;0.04
2018-01-26;EURCHF;-1;0;0.12;;;0.04
2018-01-26;GBPNZD;1;0;0.21;;;0.04
2018-01-26;CADJPY;-1;0;0.11;0.62;;0.04
2018-01-26;EURAUD;1;0;0.28;0.15;;0.04
2018-01-26;AUDCAD;1;0;0.41;0.60;;0.04
2018-01-26;GBPCAD;1;0;0.67;0.41;;0.04
2018-01-26;EURNZD;1;0;0.04;;;0.04
2018-02-02;AUDUSD;1;0;0.71;0.34;;0.09
2018-02-02;EURCHF;-1;0;0.07;;;0.09
2018-02-02;GBPNZD;1;0;0.44;;;0.09
2018-02-02;CADJPY;-1;0;0.09;0.65;;0.09
2018-02-02;EURAUD;1;0;0.63;0.15;;0.09
2018-02-02;AUDCAD;1;0;0.18;0.66;;0.09
2018-02-02;GBPCAD;1;0;0.80;0.48;;0.09
2018-02-02;EURNZD;1;0;0.24;;;0.09
2018-02-09;AUDUSD;1;0;0.52;0.34;;0.51
2018-02-09;EURCHF;-1;0;0.44;;;0.51
2018-02-09;GBPNZD;1;0;0.04;;;0.51
2018-02-09;CADJPY;-1;0;0.57;0.65;;0.51
2018-02-09;EURAUD;1;0;0.47;0.15;;0.51
2018-02-09;AUDCAD;1;0;0.41;0.66;;0.51
2018-02-09;GBPCAD;1;0;0.74;0.48;;0.51
2018-02-09;EURNZD;1;0;0.02;;;0.51
2018-02-16;AUDUSD;1;0;0.83;0.34;;0.64
2018-02-16;EURCHF;-1;0;0.41;;;0.64
2018-02-16;GBPNZD;-1;0;0.44;;;0.64
2018-02-16;CADJPY;-1;0;0.60;0.65;;0.64
2018-02-16;EURAUD;1;0;0.20;0.15;;0.64
2018-02-16;AUDCAD;1;0;0.71;0.66;;0.64
2018-02-16;GBPCAD;1;0;0.74;0.48;;0.64
2018-02-16;EURNZD;-1;0;0.45;;;0.64
2018-02-23;AUDUSD;1;0;0.58;0.34;;0.70
2018-02-23;EURCHF;-1;0;0.51;;;0.70
2018-02-23;GBPNZD;1;0;0.14;;;0.70
2018-02-23;CADJPY;-1;0;0.54;0.65;;0.70
2018-02-23;EURAUD;1;0;0.07;0.15;;0.70
2018-02-23;AUDCAD;1;0;0.57;0.66;;0.70
2018-02-23;GBPCAD;1;0;0.75;0.48;;0.70
2018-02-23;EURNZD;-1;0;0.40;;;0.70
2018-03-02;AUDUSD;-1;0;0.42;0.66;;0.75
2018-03-02;EURCHF;-1;0;0.43;;;0.75
2018-03-02;GBPNZD;-1;0;0.58;;;0.75
2018-03-02;CADJPY;-1;1;0.94;0.52;;0.75
2018-03-02;EURAUD;1;0;0.42;0.16;;0.75
2018-03-02;AUDCAD;1;0;0.81;0.47;;0.75
2018-03-02;GBPCAD;1;0;0.77;0.18;;0.75
2018-03-02;EURNZD;1;0;0.29;;;0.75
2018-03-09;AUDUSD;1;0;0.72;0.66;;0.65
2018-03-09;EURCHF;1;0;0.06;;;0.65
2018-03-09;GBPNZD;-1;0;0.34;;;0.65
2018-03-09;CADJPY;-1;0;0.78;0.52;;0.65
2018-03-09;EURAUD;1;0;0.08;0.16;;0.65
2018-03-09;AUDCAD;1;0;0.82;0.47;;0.65
2018-03-09;GBPCAD;1;0;0.70;0.18;;0.65
2018-03-09;EURNZD;-1;0;0.19;;;0.65
2018-03-16;AUDUSD;-1;0;0.18;0.66;;0.56
2018-03-16;EURCHF;1;0;0.25;;;0.56
2018-03-16;GBPNZD;1;0;0.21;;;0.56
2018-03-16;CADJPY;-1;0;0.86;0.52;;0.56
2018-03-16;EURAUD;1;0;0.67;0.16;;0.56
2018-03-16;AUDCAD;1;0;0.64;0.47;;0.56
2018-03-16;GBPCAD;1;0;0.88;0.18;;0.56
2018-03-16;EURNZD;1;0;0.21;;;0.56
2018-03-23;AUDUSD;-1;0;0.03;0.66;;0.59
2018-03-23;EURCHF;1;0;0.15;;;0.59
2018-03-23;GBPNZD;1;0;0.53;;;0.59
2018-03-23;CADJPY;-1;1;0.95;0.52;;0.59
2018-03-23;EURAUD;1;0;0.79;0.16;;0.59
2018-03-23;AUDCAD;1;0;0.37;0.47;;0.59
2018-03-23;GBPCAD;1;1;0.96;0.18;;0.59
2018-03-23;EURNZD;1;0;0.21;;;0.59
2018-03-30;AUDUSD;-1;0;0.42;0.66;;0.62
2018-03-30;EURCHF;1;0;0.00;;;0.62
2018-03-30;GBPNZD;1;0;0.40;;;0.62
2018-03-30;CADJPY;-1;1;0.92;0.52;;0.62
2018-03-30;EURAUD;1;0;0.80;0.16;;0.62
2018-03-30;AUDCAD;1;0;0.22;0.47;;0.62
2018-03-30;GBPCAD;1;1;0.91;0.18;;0.62
2018-03-30;EURNZD;1;0;0.10;;;0.62
2018-04-06;AUDUSD;-1;0;0.43;0.66;;0.64
2018-04-06;EURCHF;1;0;0.33;;;0.64
2018-04-06;GBPNZD;1;0;0.57;;;0.64
2018-04-06;CADJPY;-1;0;0.81;0.54;;0.64
2018-04-06;EURAUD;1;0;0.82;0.16;;0.64
2018-04-06;AUDCAD;-1;0;0.04;0.43;;0.64
2018-04-06;GBPCAD;1;0;0.88;0.04;;0.64
2018-04-06;EURNZD;-1;0;0.30;;;0.64
2018-04-13;AUDUSD;-1;0;0.61;0.66;;0.68
2018-04-13;EURCHF;1;0;0.50;;;0.68
2018-04-13;GBPNZD;1;0;0.45;;;0.68
2018-04-13;CADJPY;-1;0;0.62;0.54;;0.68
2018-04-13;EURAUD;1;0;0.69;0.16;;0.68
2018-04-13;AUDCAD;-1;0;0.45;0.43;;0.68
2018-04-13;GBPCAD;1;0;0.73;0.04;;0.68
2018-04-13;EURNZD;-1;0;0.04;;;0.68
2018-04-20;AUDUSD;-1;0;0.88;0.66;0.50;0.65
2018-04-20;EURCHF;1;0;0.83;;0.23;0.65
2018-04-20;GBPNZD;1;0;0.15;;0.72;0.65
2018-04-20;CADJPY;-1;1;0.63;0.54;0.95;0.65
2018-04-20;EURAUD;1;0;0.70;0.16;0.55;0.65
2018-04-20;AUDCAD;-1;0;0.52;0.43;0.29;0.65
2018-04-20;GBPCAD;1;0;0.42;0.04;0.79;0.65
2018-04-20;EURNZD;1;0;0.13;;0.79;0.65
2018-04-27;AUDUSD;-1;1;0.91;0.66;0.34;0.59
2018-04-27;EURCHF;1;1;0.93;;0.47;0.59
2018-04-27;GBPNZD;1;0;0.28;;0.63;0.59
2018-04-27;CADJPY;-1;1;0.73;0.54;0.94;0.59
2018-04-27;EURAUD;1;0;0.63;0.16;0.38;0.59
2018-04-27;AUDCAD;-1;0;0.37;0.43;0.34;0.59
2018-04-27;GBPCAD;1;0;0.33;0.04;0.72;0.59
2018-04-27;EURNZD;1;0;0.32;;0.71;0.59
2018-05-04;AUDUSD;-1;0;0.68;0.67;0.32;0.50
2018-05-04;EURCHF;1;1;0.98;;0.22;0.50
2018-05-04;GBPNZD;1;0;0.03;;0.55;0.50
2018-05-04;CADJPY;-1;1;0.31;0.51;0.92;0.50
2018-05-04;EURAUD;1;0;0.23;0.16;0.27;0.50
2018-05-04;AUDCAD;-1;0;0.39;0.44;0.50;0.50
2018-05-04;GBPCAD;-1;0;0.21;0.50;0.75;0.50
2018-05-04;EURNZD;1;0;0.06;;0.59;0.50
2018-05-11;AUDUSD;-1;0;0.84;0.67;0.56;0.39
2018-05-11;EURCHF;1;1;0.95;;0.22;0.39
2018-05-11;GBPNZD;1;0;0.48;;0.55;0.39
2018-05-11;CADJPY;-1;1;0.10;0.51;0.91;0.39
2018-05-11;EURAUD;1;0;0.10;0.16;0.43;0.39
2018-05-11;AUDCAD;-1;0;0.66;0.44;0.38;0.39
2018-05-11;GBPCAD;-1;0;0.38;0.50;0.61;0.39
2018-05-11;EURNZD;1;0;0.33;;0.40;0.39
2018-05-18;AUDUSD;-1;0;0.76;0.67;0.58;0.35
2018-05-18;EURCHF;1;0;0.72;;0.32;0.35
2018-05-18;GBPNZD;1;0;0.40;;0.14;0.35
2018-05-18;CADJPY;1;1;0.32;0.51;0.95;0.35
2018-05-18;EURAUD;-1;0;0.06;0.16;0.47;0.35
2018-05-18;AUDCAD;-1;0;0.62;0.44;0.32;0.35
2018-05-18;GBPCAD;-1;0;0.41;0.50;0.61;0.35
2018-05-18;EURNZD;1;0;0.23;;0.03;0.35
2018-05-25;AUDUSD;-1;0;0.52;0.67;0.62;0.25
2018-05-25;EURCHF;-1;0;0.07;;0.43;0.25
2018-05-25;GBPNZD;-1;0;0.28;;0.12;0.25
2018-05-25;CADJPY;-1;0;0.41;0.51;0.83;0.25
2018-05-25;EURAUD;-1;0;0.66;0.16;0.53;0.25
2018-05-25;AUDCAD;-1;0;0.56;0.44;0.14;0.25
2018-05-25;GBPCAD;-1;0;0.54;0.50;0.60;0.25
2018-05-25;EURNZD;-1;0;0.24;;0.09;0.25
2018-06-01;AUDUSD;-1;0;0.57;0.63;0.61;0.24
2018-06-01;EURCHF;-1;0;0.55;;0.39;0.24
2018-06-01;GBPNZD;-1;0;0.10;;0.20;0.24
2018-06-01;CADJPY;-1;0;0.43;0.55;0.69;0.24
2018-06-01;EURAUD;-1;0;0.58;0.17;0.36;0.24
2018-06-01;AUDCAD;-1;0;0.74;0.43;0.04;0.24
2018-06-01;GBPCAD;-1;0;0.67;0.53;0.42;0.24
2018-06-01;EURNZD;-1;0;0.34;;0.27;0.24
2018-06-08;AUDUSD;-1;0;0.54;0.63;0.44;0.20
2018-06-08;EURCHF;-1;0;0.34;;0.57;0.20
2018-06-08;GBPNZD;-1;0;0.11;;0.25;0.20
2018-06-08;CADJPY;-1;0;0.53;0.55;0.65;0.20
2018-06-08;EURAUD;-1;0;0.41;0.17;0.17;0.20
2018-06-08;AUDCAD;-1;0;0.84;0.43;0.11;0.20
2018-06-08;GBPCAD;-1;0;0.81;0.53;0.43;0.20
2018-06-08;EURNZD;-1;0;0.21;;0.33;0.20
2018-06-15;AUDUSD;-1;0;0.57;0.63;0.27;0.17
2018-06-15;EURCHF;-1;0;0.36;;0.56;0.17
2018-06-15;GBPNZD;-1;0;0.48;;0.41;0.17
2018-06-15;CADJPY;-1;0;0.43;0.55;0.67;0.17
2018-06-15;EURAUD;-1;0;0.66;0.17;0.01;0.17
2018-06-15;AUDCAD;-1;0;0.42;0.43;0.21;0.17
2018-06-15;GBPCAD;-1;0;0.75;0.53;0.41;0.17
2018-06-15;EURNZD;-1;0;0.41;;0.57;0.17
2018-06-22;AUDUSD;-1;1;0.57;0.63;0.95;0.18
2018-06-22;EURCHF;-1;0;0.66;;0.14;0.18
2018-06-22;GBPNZD;-1;0;0.25;;0.78;0.18
2018-06-22;CADJPY;-1;0;0.03;0.55;0.17;0.18
2018-06-22;EURAUD;-1;0;0.59;0.17;0.71;0.18
2018-06-22;AUDCAD;1;0;0.04;0.43;0.55;0.18
2018-06-22;GBPCAD;-1;0;0.56;0.53;0.09;0.18
2018-06-22;EURNZD;-1;0;0.18;;0.85;0.18
2018-06-29;AUDUSD;-1;0;0.63;0.63;0.83;0.23
2018-06-29;EURCHF;-1;0;0.55;;0.03;0.23
2018-06-29;GBPNZD;1;0;0.30;;0.69;0.23
2018-06-29;CADJPY;1;0;0.02;0.55;0.30;0.23
2018-06-29;EURAUD;1;0;0.21;0.17;0.38;0.23
2018-06-29;AUDCAD;-1;0;0.32;0.43;0.75;0.23
2018-06-29;GBPCAD;-1;0;0.64;0.53;0.58;0.23
2018-06-29;EURNZD;1;0;0.51;;0.81;0.23
2018-07-06;AUDUSD;-1;0;0.70;0.62;0.69;0.30
2018-07-06;EURCHF;-1;0;0.63;;0.17;0.30
2018-07-06;GBPNZD;1;0;0.21;;0.72;0.30
2018-07-06;CADJPY;1;0;0.11;0.58;0.30;0.30
2018-07-06;EURAUD;1;0;0.21;0.17;0.15;0.30
2018-07-06;AUDCAD;-1;0;0.16;0.52;0.40;0.30
2018-07-06;GBPCAD;-1;0;0.61;0.60;0.59;0.30
2018-07-06;EURNZD;1;1;0.47;;0.91;0.30
2018-07-13;AUDUSD;-1;0;0.72;0.62;0.68;0.31
2018-07-13;EURCHF;-1;0;0.70;;0.03;0.31
2018-07-13;GBPNZD;1;0;0.19;;0.67;0.31
2018-07-13;CADJPY;1;0;0.10;0.58;0.22;0.31
2018-07-13;EURAUD;-1;0;0.25;0.17;0.10;0.31
2018-07-13;AUDCAD;-1;0;0.23;0.52;0.36;0.31
2018-07-13;GBPCAD;-1;0;0.69;0.60;0.70;0.31
2018-07-13;EURNZD;1;0;0.46;;0.89;0.31
2018-07-20;AUDUSD;-1;0;0.35;0.62;0.54;0.29
2018-07-20;EURCHF;-1;0;0.78;;0.12;0.29
2018-07-20;GBPNZD;-1;0;0.53;;0.70;0.29
2018-07-20;CADJPY;1;0;0.01;0.58;0.37;0.29
2018-07-20;EURAUD;1;0;0.48;0.17;0.12;0.29
2018-07-20;AUDCAD;-1;0;0.05;0.52;0.25;0.29
2018-07-20;GBPCAD;-1;0;0.76;0.60;0.68;0.29
2018-07-20;EURNZD;1;0;0.03;;0.88;0.29
2018-07-27;AUDUSD;-1;0;0.23;0.62;0.75;0.19
2018-07-27;EURCHF;-1;0;0.80;;0.56;0.19
2018-07-27;GBPNZD;-1;0;0.20;;0.69;0.19
2018-07-27;CADJPY;1;0;0.13;0.58;0.47;0.19
2018-07-27;EURAUD;-1;0;0.33;0.17;0.25;0.19
2018-07-27;AUDCAD;-1;0;0.10;0.52;0.43;0.19
2018-07-27;GBPCAD;-1;0;0.51;0.60;0.67;0.19
2018-07-27;EURNZD;1;1;0.08;;0.93;0.19
2018-08-03;AUDUSD;-1;0;0.12;0.60;0.77;0.14
2018-08-03;EURCHF;-1;0;0.84;;0.29;0.14
2018-08-03;GBPNZD;-1;0;0.22;;0.62;0.14
2018-08-03;CADJPY;1;0;0.07;0.52;0.54;0.14
2018-08-03;EURAUD;-1;0;0.36;0.17;0.36;0.14
2018-08-03;AUDCAD;-1;0;0.08;0.47;0.63;0.14
2018-08-03;GBPCAD;-1;0;0.69;0.22;0.70;0.14
2018-08-03;EURNZD;1;0;0.28;;0.81;0.14
2018-08-10;AUDUSD;-1;0;0.46;0.60;0.70;0.12
2018-08-10;EURCHF;-1;0;0.88;;0.17;0.12
2018-08-10;GBPNZD;-1;0;0.26;;0.62;0.12
2018-08-10;CADJPY;-1;0;0.30;0.52;0.50;0.12
2018-08-10;EURAUD;-1;0;0.12;0.17;0.15;0.12
2018-08-10;AUDCAD;-1;0;0.12;0.47;0.57;0.12
2018-08-10;GBPCAD;-1;0;0.71;0.22;0.59;0.12
2018-08-10;EURNZD;1;0;0.23;;0.72;0.12
2018-08-17;AUDUSD;-1;0;0.55;0.60;0.56;0.14
2018-08-17;EURCHF;-1;0;0.72;;0.31;0.14
2018-08-17;GBPNZD;-1;0;0.13;;0.48;0.14
2018-08-17;CADJPY;-1;0;0.22;0.52;0.55;0.14
2018-08-17;EURAUD;-1;0;0.25;0.17;0.06;0.14
2018-08-17;AUDCAD;-1;0;0.45;0.47;0.40;0.14
2018-08-17;GBPCAD;-1;0;0.74;0.22;0.46;0.14
2018-08-17;EURNZD;1;0;0.43;;0.56;0.14
2018-08-24;AUDUSD;-1;0;0.50;0.60;0.53;0.14
2018-08-24;EURCHF;-1;0;0.25;;0.25;0.14
2018-08-24;GBPNZD;-1;0;0.34;;0.37;0.14
2018-08-24;CADJPY;1;0;0.39;0.52;0.38;0.14
2018-08-24;EURAUD;1;0;0.65;0.17;0.06;0.14
2018-08-24;AUDCAD;-1;0;0.64;0.47;0.38;0.14
2018-08-24;GBPCAD;-1;0;0.74;0.22;0.53;0.14
2018-08-24;EURNZD;1;0;0.87;;0.44;0.14
2018-08-31;AUDUSD;-1;0;0.80;0.60;0.39;0.14
2018-08-31;EURCHF;-1;0;0.86;;0.29;0.14
2018-08-31;GBPNZD;1;0;0.66;;0.36;0.14
2018-08-31;CADJPY;1;0;0.09;0.52;0.19;0.14
2018-08-31;EURAUD;1;0;0.84;0.17;0.06;0.14
2018-08-31;AUDCAD;-1;1;0.90;0.47;0.15;0.14
2018-08-31;GBPCAD;-1;0;0.75;0.22;0.46;0.14
2018-08-31;EURNZD;1;1;0.90;;0.56;0.14
2018-09-07;AUDUSD;-1;0;0.84;0.54;0.30;0.19
2018-09-07;EURCHF;-1;0;0.87;;0.12;0.19
2018-09-07;GBPNZD;1;0;0.83;;0.48;0.19
2018-09-07;CADJPY;-1;0;0.21;0.47;0.28;0.19
2018-09-07;EURAUD;1;0;0.89;0.18;0.02;0.19
2018-09-07;AUDCAD;-1;0;0.86;0.47;0.09;0.19
2018-09-07;GBPCAD;-1;0;0.53;0.19;0.39;0.19
2018-09-07;EURNZD;1;1;0.98;;0.65;0.19
2018-09-14;AUDUSD;-1;0;0.49;0.54;0.30;0.17
2018-09-14;EURCHF;-1;0;0.72;;0.23;0.17
2018-09-14;GBPNZD;1;0;0.81;;0.48;0.17
2018-09-14;CADJPY;1;0;0.73;0.47;0.39;0.17
2018-09-14;EURAUD;1;0;0.77;0.18;0.06;0.17
2018-09-14;AUDCAD;-1;0;0.86;0.47;0.09;0.17
2018-09-14;GBPCAD;-1;0;0.74;0.19;0.27;0.17
2018-09-14;EURNZD;1;1;0.97;;0.62;0.17
2018-09-21;AUDUSD;-1;0;0.27;0.54;0.24;0.16
2018-09-21;EURCHF;-1;0;0.72;;0.32;0.16
2018-09-21;GBPNZD;1;0;0.34;;0.14;0.16
2018-09-21;CADJPY;1;0;0.86;0.47;0.05;0.16
2018-09-21;EURAUD;1;0;0.63;0.18;0.12;0.16
2018-09-21;AUDCAD;-1;0;0.81;0.47;0.05;0.16
2018-09-21;GBPCAD;-1;0;0.78;0.19;0.16;0.16
2018-09-21;EURNZD;1;0;0.76;;0.25;0.16
2018-09-28;AUDUSD;-1;0;0.41;0.54;0.38;0.16
2018-09-28;EURCHF;-1;0;0.66;;0.65;0.16
2018-09-28;GBPNZD;1;0;0.28;;0.02;0.16
2018-09-28;CADJPY;1;0;0.80;0.47;0.32;0.16
2018-09-28;EURAUD;1;0;0.35;0.18;0.25;0.16
2018-09-28;AUDCAD;-1;0;0.77;0.47;0.35;0.16
2018-09-28;GBPCAD;-1;0;0.67;0.19;0.34;0.16
2018-09-28;EURNZD;1;0;0.48;;0.23;0.16
2018-10-05;AUDUSD;-1;0;0.77;0.54;0.49;0.15
2018-10-05;EURCHF;-1;0;0.72;;0.80;0.15
2018-10-05;GBPNZD;1;0;0.80;;0.27;0.15
2018-10-05;CADJPY;1;0;0.53;0.58;0.61;0.15
2018-10-05;EURAUD;1;0;0.78;0.18;0.27;0.15
2018-10-05;AUDCAD;-1;1;0.97;0.55;0.67;0.15
2018-10-05;GBPCAD;-1;0;0.57;0.34;0.51;0.15
2018-10-05;EURNZD;1;0;0.81;;0.11;0.15
2018-10-12;AUDUSD;-1;0;0.62;0.54;0.27;0.35
2018-10-12;EURCHF;-1;0;0.49;;0.86;0.35
2018-10-12;GBPNZD;1;0;0.87;;0.14;0.35
2018-10-12;CADJPY;1;0;0.14;0.58;0.65;0.35
2018-10-12;EURAUD;1;0;0.69;0.18;0.15;0.35
2018-10-12;AUDCAD;-1;0;0.90;0.55;0.68;0.35
2018-10-12;GBPCAD;1;0;0.13;0.34;0.51;0.35
2018-10-12;EURNZD;1;0;0.78;;0.15;0.35
2018-10-19;AUDUSD;-1;0;0.68;0.54;0.35;0.49
2018-10-19;EURCHF;1;0;0.37;;0.83;0.49
2018-10-19;GBPNZD;1;0;0.55;;0.21;0.49
2018-10-19;CADJPY;1;0;0.27;0.58;0.62;0.49
2018-10-19;EURAUD;1;0;0.61;0.18;0.17;0.49
2018-10-19;AUDCAD;-1;0;0.79;0.55;0.68;0.49
2018-10-19;GBPCAD;-1;0;0.20;0.34;0.40;0.49
2018-10-19;EURNZD;1;0;0.46;;0.02;0.49
2018-10-26;AUDUSD;-1;0;0.77;0.54;0.25;0.66
2018-10-26;EURCHF;-1;1;0.53;;0.93;0.66
2018-10-26;GBPNZD;1;0;0.45;;0.39;0.66
2018-10-26;CADJPY;-1;0;0.14;0.58;0.51;0.66
2018-10-26;EURAUD;1;0;0.49;0.18;0.08;0.66
2018-10-26;AUDCAD;-1;0;0.74;0.55;0.64;0.66
2018-10-26;GBPCAD;-1;0;0.35;0.34;0.33;0.66
2018-10-26;EURNZD;1;0;0.44;;0.08;0.66
2018-11-02;AUDUSD;-1;0;0.56;0.50;0.13;0.74
2018-11-02;EURCHF;-1;1;0.31;;0.96;0.74
2018-11-02;GBPNZD;-1;0;0.45;;0.41;0.74
2018-11-02;CADJPY;1;0;0.28;0.77;0.41;0.74
2018-11-02;EURAUD;-1;0;0.24;0.18;0.19;0.74
2018-11-02;AUDCAD;-1;0;0.57;0.75;0.36;0.74
2018-11-02;GBPCAD;-1;0;0.23;0.52;0.17;0.74
2018-11-02;EURNZD;-1;0;0.14;;0.04;0.74
2018-11-09;AUDUSD;-1;0;0.03;0.50;0.15;0.72
2018-11-09;EURCHF;-1;0;0.37;;0.90;0.72
2018-11-09;GBPNZD;-1;0;0.12;;0.14;0.72
2018-11-09;CADJPY;1;0;0.39;0.77;0.39;0.72
2018-11-09;EURAUD;-1;0;0.00;0.18;0.18;0.72
2018-11-09;AUDCAD;1;0;0.11;0.75;0.39;0.72
2018-11-09;GBPCAD;1;0;0.56;0.52;0.18;0.72
2018-11-09;EURNZD;-1;0;0.63;;0.22;0.72
2018-11-16;AUDUSD;1;0;0.14;0.50;0.17;0.73
2018-11-16;EURCHF;-1;0;0.10;;0.86;0.73
2018-11-16;GBPNZD;-1;0;0.54;;0.07;0.73
2018-11-16;CADJPY;-1;0;0.20;0.77;0.47;0.73
2018-11-16;EURAUD;-1;0;0.13;0.18;0.04;0.73
2018-11-16;AUDCAD;1;0;0.12;0.75;0.43;0.73
2018-11-16;GBPCAD;-1;0;0.13;0.52;0.17;0.73
2018-11-16;EURNZD;-1;0;0.78;;0.30;0.73
2018-11-23;AUDUSD;-1;0;0.34;0.50;0.20;0.72
2018-11-23;EURCHF;-1;0;0.41;;0.89;0.72
2018-11-23;GBPNZD;-1;0;0.34;;0.07;0.72
2018-11-23;CADJPY;-1;0;0.09;0.77;0.57;0.72
2018-11-23;EURAUD;-1;0;0.32;0.18;0.05;0.72
2018-11-23;AUDCAD;1;0;0.10;0.75;0.41;0.72
2018-11-23;GBPCAD;-1;0;0.26;0.52;0.09;0.72
2018-11-23;EURNZD;-1;0;0.81;;0.38;0.72
2018-11-30;AUDUSD;1;0;0.41;0.50;0.22;0.69
2018-11-30;EURCHF;-1;0;0.10;;0.88;0.69
2018-11-30;GBPNZD;-1;0;0.80;;0.23;0.69
2018-11-30;CADJPY;-1;0;0.22;0.77;0.50;0.69
2018-11-30;EURAUD;-1;0;0.83;0.18;0.06;0.69
2018-11-30;AUDCAD;1;0;0.63;0.75;0.32;0.69
2018-11-30;GBPCAD;-1;0;0.07;0.52;0.04;0.69
2018-11-30;EURNZD;-1;1;0.98;;0.33;0.69
2018-12-07;AUDUSD;-1;0;0.28;0.47;0.16;0.70
2018-12-07;EURCHF;-1;1;0.05;;0.93;0.70
2018-12-07;GBPNZD;-1;0;0.89;;0.13;0.70
2018-12-07;CADJPY;-1;0;0.05;0.74;0.49;0.70
2018-12-07;EURAUD;-1;0;0.67;0.19;0.23;0.70
2018-12-07;AUDCAD;1;0;0.57;0.75;0.27;0.70
2018-12-07;GBPCAD;-1;0;0.20;0.51;0.01;0.70
2018-12-07;EURNZD;-1;1;0.97;;0.43;0.70
2018-12-14;AUDUSD;-1;0;0.04;0.47;0.15;0.73
2018-12-14;EURCHF;-1;0;0.10;;0.83;0.73
2018-12-14;GBPNZD;-1;0;0.90;;0.33;0.73
2018-12-14;CADJPY;-1;0;0.29;0.74;0.45;0.73
2018-12-14;EURAUD;-1;0;0.67;0.19;0.20;0.73
2018-12-14;AUDCAD;1;0;0.62;0.75;0.28;0.73
2018-12-14;GBPCAD;-1;0;0.33;0.51;0.08;0.73
2018-12-14;EURNZD;-1;1;0.95;;0.55;0.73
2018-12-21;AUDUSD;-1;0;0.50;0.47;0.29;0.78
2018-12-21;EURCHF;-1;0;0.09;;0.46;0.78
2018-12-21;GBPNZD;-1;0;0.69;;0.87;0.78
2018-12-21;CADJPY;-1;0;0.81;0.74;0.54;0.78
2018-12-21;EURAUD;1;0;0.11;0.19;0.56;0.78
2018-12-21;AUDCAD;1;0;0.50;0.75;0.07;0.78
2018-12-21;GBPCAD;1;0;0.28;0.51;0.19;0.78
2018-12-21;EURNZD;-1;1;0.75;;0.99;0.78
2018-12-28;AUDUSD;-1;0;0.48;0.47;0.53;0.84
2018-12-28;EURCHF;-1;0;0.50;;0.35;0.84
2018-12-28;GBPNZD;-1;0;0.67;;0.85;0.84
2018-12-28;CADJPY;-1;0;0.86;0.74;0.08;0.84
2018-12-28;EURAUD;1;0;0.09;0.19;0.76;0.84
2018-12-28;AUDCAD;1;0;0.49;0.75;0.61;0.84
2018-12-28;GBPCAD;1;0;0.28;0.51;0.26;0.84
2018-12-28;EURNZD;-1;1;0.58;;0.99;0.84
2019-01-04;AUDUSD;-1;0;0.10;0.47;0.66;0.87
2019-01-04;EURCHF;-1;0;0.50;;0.21;0.87
2019-01-04;GBPNZD;-1;0;0.74;;0.84;0.87
2019-01-04;CADJPY;-1;1;0.98;0.58;0.28;0.87
2019-01-04;EURAUD;1;0;0.12;0.19;0.79;0.87
2019-01-04;AUDCAD;1;0;0.80;0.55;0.82;0.87
2019-01-04;GBPCAD;1;0;0.47;0.33;0.29;0.87
2019-01-04;EURNZD;-1;1;0.70;;0.90;0.87
2019-01-11;AUDUSD;1;0;0.30;0.47;0.33;0.86
2019-01-11;EURCHF;-1;0;0.60;;0.37;0.86
2019-01-11;GBPNZD;-1;1;0.91;;0.72;0.86
2019-01-11;CADJPY;-1;0;0.78;0.58;0.69;0.86
2019-01-11;EURAUD;-1;0;0.49;0.19;0.49;0.86
2019-01-11;AUDCAD;1;0;0.68;0.55;0.85;0.86
2019-01-11;GBPCAD;1;0;0.22;0.33;0.56;0.86
2019-01-11;EURNZD;-1;0;0.86;;0.74;0.86
2019-01-18;AUDUSD;-1;0;0.12;0.47;0.42;0.82
2019-01-18;EURCHF;-1;0;0.47;;0.05;0.82
2019-01-18;GBPNZD;-1;0;0.68;;0.76;0.82
2019-01-18;CADJPY;-1;0;0.69;0.58;0.75;0.82
2019-01-18;EURAUD;-1;0;0.48;0.19;0.45;0.82
2019-01-18;AUDCAD;1;0;0.63;0.55;0.86;0.82
2019-01-18;GBPCAD;1;0;0.06;0.33;0.47;0.82
2019-01-18;EURNZD;-1;0;0.72;;0.72;0.82
2019-01-25;AUDUSD;-1;0;0.29;0.47;0.37;0.76
2019-01-25;EURCHF;-1;0;0.31;;0.01;0.76
2019-01-25;GBPNZD;-1;0;0.49;;0.69;0.76
2019-01-25;CADJPY;-1;0;0.57;0.58;0.76;0.76
2019-01-25;EURAUD;-1;0;0.45;0.19;0.47;0.76
2019-01-25;AUDCAD;1;0;0.60;0.55;0.86;0.76
2019-01-25;GBPCAD;1;0;0.47;0.33;0.50;0.76
2019-01-25;EURNZD;-1;0;0.78;;0.69;0.76
2019-02-01;AUDUSD;1;0;0.40;0.47;0.45;0.67
2019-02-01;EURCHF;1;0;0.06;;0.28;0.67
2019-02-01;GBPNZD;-1;0;0.41;;0.67;0.67
2019-02-01;CADJPY;-1;0;0.47;0.46;0.76;0.67
2019-02-01;EURAUD;-1;0;0.24;0.19;0.51;0.67
2019-02-01;AUDCAD;1;0;0.45;0.42;0.85;0.67
2019-02-01;GBPCAD;1;0;0.45;0.49;0.68;0.67
2019-02-01;EURNZD;-1;0;0.71;;0.76;0.67
2019-02-08;AUDUSD;-1;0;0.35;0.47;0.36;0.60
2019-02-08;EURCHF;-1;0;0.44;;0.01;0.60
2019-02-08;GBPNZD;-1;0;0.39;;0.66;0.60
2019-02-08;CADJPY;-1;0;0.69;0.46;0.72;0.60
2019-02-08;EURAUD;1;0;0.21;0.19;0.44;0.60
2019-02-08;AUDCAD;-1;0;0.19;0.42;0.82;0.60
2019-02-08;GBPCAD;1;0;0.00;0.49;0.70;0.60
2019-02-08;EURNZD;-1;0;0.35;;0.76;0.60
2019-02-15;AUDUSD;-1;0;0.26;0.47;0.33;0.54
2019-02-15;EURCHF;-1;0;0.19;;0.01;0.54
2019-02-15;GBPNZD;-1;0;0.34;;0.61;0.54
2019-02-15;CADJPY;-1;0;0.53;0.46;0.69;0.54
2019-02-15;EURAUD;-1;0;0.18;0.19;0.51;0.54
2019-02-15;AUDCAD;-1;0;0.29;0.42;0.77;0.54
2019-02-15;GBPCAD;1;0;0.16;0.49;0.43;0.54
2019-02-15;EURNZD;-1;0;0.21;;0.67;0.54
2019-02-22;AUDUSD;-1;0;0.41;0.47;0.31;0.47
2019-02-22;EURCHF;-1;0;0.14;;0.11;0.47
2019-02-22;GBPNZD;-1;0;0.29;;0.60;0.47
2019-02-22;CADJPY;-1;0;0.29;0.46;0.64;0.47
2019-02-22;EURAUD;-1;0;0.22;0.19;0.50;0.47
2019-02-22;AUDCAD;-1;0;0.52;0.42;0.64;0.47
2019-02-22;GBPCAD;1;0;0.34;0.49;0.28;0.47
2019-02-22;EURNZD;-1;0;0.18;;0.64;0.47
2019-03-01;AUDUSD;-1;0;0.33;0.25;0.30;0.41
2019-03-01;EURCHF;1;0;0.33;;0.16;0.41
2019-03-01;GBPNZD;1;0;0.55;;0.66;0.41
2019-03-01;CADJPY;-1;0;0.27;0.43;0.64;0.41
2019-03-01;EURAUD;1;0;0.49;0.20;0.44;0.41
2019-03-01;AUDCAD;-1;0;0.50;0.42;0.62;0.41
2019-03-01;GBPCAD;1;0;0.59;0.51;0.31;0.41
2019-03-01;EURNZD;-1;0;0.07;;0.68;0.41
2019-03-08;AUDUSD;-1;0;0.69;0.25;0.13;0.40
2019-03-08;EURCHF;-1;0;0.03;;0.10;0.40
2019-03-08;GBPNZD;-1;0;0.64;;0.65;0.40
2019-03-08;CADJPY;-1;0;0.52;0.43;0.63;0.40
2019-03-08;EURAUD;1;0;0.59;0.20;0.27;0.40
2019-03-08;AUDCAD;-1;0;0.63;0.42;0.48;0.40
2019-03-08;GBPCAD;1;0;0.63;0.51;0.30;0.40
2019-03-08;EURNZD;-1;0;0.17;;0.71;0.40
2019-03-15;AUDUSD;-1;0;0.39;0.25;0.06;0.35
2019-03-15;EURCHF;1;0;0.37;;0.03;0.35
2019-03-15;GBPNZD;1;0;0.71;;0.59;0.35
2019-03-15;CADJPY;-1;0;0.29;0.43;0.56;0.35
2019-03-15;EURAUD;1;0;0.30;0.20;0.27;0.35
2019-03-15;AUDCAD;-1;0;0.49;0.42;0.43;0.35
2019-03-15;GBPCAD;1;0;0.75;0.51;0.26;0.35
2019-03-15;EURNZD;-1;0;0.03;;0.64;0.35
2019-03-22;AUDUSD;-1;0;0.24;0.25;0.12;0.35
2019-03-22;EURCHF;-1;0;0.45;;0.12;0.35
2019-03-22;GBPNZD;1;0;0.58;;0.57;0.35
2019-03-22;CADJPY;-1;0;0.34;0.43;0.57;0.35
2019-03-22;EURAUD;1;0;0.01;0.20;0.03;0.35
2019-03-22;AUDCAD;1;0;0.36;0.42;0.34;0.35
2019-03-22;GBPCAD;1;0;0.68;0.51;0.85;0.35
2019-03-22;EURNZD;-1;0;0.32;;0.20;0.35
2019-03-29;AUDUSD;-1;0;0.17;0.25;0.30;0.36
2019-03-29;EURCHF;-1;0;0.31;;0.05;0.36
2019-03-29;GBPNZD;1;0;0.17;;0.54;0.36
2019-03-29;CADJPY;-1;0;0.41;0.43;0.04;0.36
2019-03-29;EURAUD;-1;0;0.56;0.20;0.22;0.36
2019-03-29;AUDCAD;-1;0;0.28;0.42;0.20;0.36
2019-03-29;GBPCAD;1;0;0.10;0.51;0.36;0.36
2019-03-29;EURNZD;-1;0;0.63;;0.06;0.36
2019-04-05;AUDUSD;-1;0;0.11;0.25;0.46;0.28
2019-04-05;EURCHF;-1;0;0.13;;0.51;0.28
2019-04-05;GBPNZD;1;0;0.40;;0.54;0.28
2019-04-05;CADJPY;-1;0;0.40;0.39;0.01;0.28
2019-04-05;EURAUD;-1;0;0.32;0.20;0.18;0.28
2019-04-05;AUDCAD;-1;0;0.01;0.28;0.28;0.28
2019-04-05;GBPCAD;1;0;0.47;0.40;0.34;0.28
2019-04-05;EURNZD;1;0;0.31;;0.10;0.28
2019-04-12;AUDUSD;1;0;0.06;0.25;0.22;0.27
2019-04-12;EURCHF;1;0;0.29;;0.42;0.27
2019-04-12;GBPNZD;1;0;0.51;;0.47;0.27
2019-04-12;CADJPY;1;0;0.47;0.39;0.41;0.27
2019-04-12;EURAUD;-1;0;0.09;0.20;0.19;0.27
2019-04-12;AUDCAD;1;0;0.07;0.28;0.32;0.27
2019-04-12;GBPCAD;1;0;0.53;0.40;0.20;0.27
2019-04-12;EURNZD;1;0;0.02;;0.30;0.27
2019-04-19;AUDUSD;1;0;0.06;0.25;0.06;0.25
2019-04-19;EURCHF;1;0;0.36;;0.11;0.25
2019-04-19;GBPNZD;1;0;0.18;;0.53;0.25
2019-04-19;CADJPY;1;0;0.41;0.39;0.43;0.25
2019-04-19;EURAUD;-1;0;0.31;0.20;0.33;0.25
2019-04-19;AUDCAD;1;0;0.11;0.28;0.11;0.25
2019-04-19;GBPCAD;1;0;0.08;0.40;0.46;0.25
2019-04-19;EURNZD;1;0;0.02;;0.31;0.25
2019-04-26;AUDUSD;-1;0;0.44;0.25;0.15;0.17
2019-04-26;EURCHF;1;0;0.17;;0.08;0.17
2019-04-26;GBPNZD;1;0;0.25;;0.46;0.17
2019-04-26;CADJPY;-1;0;0.02;0.39;0.54;0.17
2019-04-26;EURAUD;-1;0;0.04;0.20;0.24;0.17
2019-04-26;AUDCAD;-1;0;0.04;0.28;0.18;0.17
2019-04-26;GBPCAD;1;0;0.24;0.40;0.29;0.17
2019-04-26;EURNZD;1;0;0.02;;0.32;0.17
2019-05-03;AUDUSD;-1;0;0.37;0.15;0.30;0.18
2019-05-03;EURCHF;1;0;0.03;;0.07;0.18
2019-05-03;GBPNZD;1;0;0.67;;0.55;0.18
2019-05-03;CADJPY;-1;0;0.07;0.28;0.61;0.18
2019-05-03;EURAUD;1;0;0.03;0.21;0.06;0.18
2019-05-03;AUDCAD;-1;0;0.07;0.05;0.31;0.18
2019-05-03;GBPCAD;1;0;0.64;0.13;0.12;0.18
2019-05-03;EURNZD;1;0;0.25;;0.09;0.18
2019-05-10;AUDUSD;-1;0;0.39;0.15;0.16;0.31
2019-05-10;EURCHF;1;0;0.03;;0.12;0.31
2019-05-10;GBPNZD;1;0;0.70;;0.64;0.31
2019-05-10;CADJPY;-1;0;0.55;0.28;0.44;0.31
2019-05-10;EURAUD;1;0;0.26;0.21;0.19;0.31
2019-05-10;AUDCAD;-1;0;0.04;0.05;0.06;0.31
2019-05-10;GBPCAD;1;0;0.62;0.13;0.21;0.31
2019-05-10;EURNZD;1;0;0.60;;0.38;0.31
2019-05-17;AUDUSD;-1;0;0.79;0.15;0.33;0.45
2019-05-17;EURCHF;-1;0;0.25;;0.35;0.45
2019-05-17;GBPNZD;1;0;0.43;;0.62;0.45
2019-05-17;CADJPY;-1;0;0.58;0.28;0.15;0.45
2019-05-17;EURAUD;1;0;0.54;0.21;0.17;0.45
2019-05-17;AUDCAD;-1;0;0.53;0.05;0.08;0.45
2019-05-17;GBPCAD;-1;0;0.10;0.13;0.50;0.45
2019-05-17;EURNZD;1;0;0.67;;0.28;0.45
2019-05-24;AUDUSD;-1;0;0.55;0.15;0.23;0.51
2019-05-24;EURCHF;-1;0;0.56;;0.29;0.51
2019-05-24;GBPNZD;1;0;0.05;;0.52;0.51
2019-05-24;CADJPY;-1;0;0.68;0.28;0.09;0.51
2019-05-24;EURAUD;1;0;0.17;0.21;0.11;0.51
2019-05-24;AUDCAD;-1;0;0.38;0.05;0.04;0.51
2019-05-24;GBPCAD;-1;0;0.60;0.13;0.23;0.51
2019-05-24;EURNZD;1;0;0.55;;0.25;0.51
2019-05-31;AUDUSD;-1;0;0.36;0.15;0.27;0.56
2019-05-31;EURCHF;-1;0;0.56;;0.14;0.56
2019-05-31;GBPNZD;1;0;0.03;;0.58;0.56
2019-05-31;CADJPY;-1;0;0.63;0.28;0.13;0.56
2019-05-31;EURAUD;1;0;0.24;0.21;0.19;0.56
2019-05-31;AUDCAD;-1;0;0.24;0.05;0.14;0.56
2019-05-31;GBPCAD;-1;0;0.66;0.13;0.09;0.56
2019-05-31;EURNZD;1;0;0.71;;0.52;0.56
2019-06-07;AUDUSD;-1;0;0.22;0.19;0.26;0.55
2019-06-07;EURCHF;-1;0;0.60;;0.49;0.55
2019-06-07;GBPNZD;-1;0;0.45;;0.56;0.55
2019-06-07;CADJPY;-1;0;0.59;0.20;0.02;0.55
2019-06-07;EURAUD;1;0;0.28;0.34;0.24;0.55
2019-06-07;AUDCAD;-1;0;0.38;0.34;0.14;0.55
2019-06-07;GBPCAD;-1;0;0.84;0.17;0.07;0.55
2019-06-07;EURNZD;1;0;0.61;;0.59;0.55
2019-06-14;AUDUSD;-1;0;0.70;0.19;0.11;0.53
2019-06-14;EURCHF;-1;0;0.29;;0.27;0.53
2019-06-14;GBPNZD;1;0;0.48;;0.59;0.53
2019-06-14;CADJPY;-1;0;0.46;0.20;0.02;0.53
2019-06-14;EURAUD;1;0;0.59;0.34;0.14;0.53
2019-06-14;AUDCAD;-1;1;0.91;0.34;0.17;0.53
2019-06-14;GBPCAD;-1;0;0.76;0.17;0.11;0.53
2019-06-14;EURNZD;1;0;0.86;;0.61;0.53
2019-06-21;AUDUSD;-1;0;0.54;0.19;0.02;0.52
2019-06-21;EURCHF;-1;0;0.36;;0.21;0.52
2019-06-21;GBPNZD;1;0;0.11;;0.42;0.52
2019-06-21;CADJPY;-1;0;0.28;0.20;0.29;0.52
2019-06-21;EURAUD;1;0;0.79;0.34;0.23;0.52
2019-06-21;AUDCAD;-1;1;0.94;0.34;0.07;0.52
2019-06-21;GBPCAD;-1;0;0.85;0.17;0.40;0.52
2019-06-21;EURNZD;1;0;0.86;;0.67;0.52
2019-06-28;AUDUSD;-1;0;0.40;0.19;0.04;0.48
2019-06-28;EURCHF;-1;0;0.46;;0.15;0.48
2019-06-28;GBPNZD;-1;0;0.57;;0.39;0.48
2019-06-28;CADJPY;-1;0;0.35;0.20;0.21;0.48
2019-06-28;EURAUD;1;0;0.78;0.34;0.30;0.48
2019-06-28;AUDCAD;-1;1;0.93;0.34;0.37;0.48
2019-06-28;GBPCAD;-1;1;0.94;0.17;0.78;0.48
2019-06-28;EURNZD;1;0;0.52;;0.72;0.48
2019-07-05;AUDUSD;-1;0;0.62;0.46;0.04;0.42
2019-07-05;EURCHF;-1;0;0.56;;0.06;0.42
2019-07-05;GBPNZD;-1;0;0.61;;0.44;0.42
2019-07-05;CADJPY;1;0;0.15;0.11;0.09;0.42
2019-07-05;EURAUD;1;0;0.62;0.67;0.45;0.42
2019-07-05;AUDCAD;-1;1;0.96;0.66;0.65;0.42
2019-07-05;GBPCAD;-1;2;0.99;0.10;0.93;0.42
2019-07-05;EURNZD;1;0;0.41;;0.81;0.42
2019-07-12;AUDUSD;-1;0;0.55;0.46;0.08;0.35
2019-07-12;EURCHF;-1;0;0.87;;0.24;0.35
2019-07-12;GBPNZD;-1;0;0.74;;0.33;0.35
2019-07-12;CADJPY;1;0;0.32;0.11;0.09;0.35
2019-07-12;EURAUD;1;0;0.52;0.67;0.39;0.35
2019-07-12;AUDCAD;-1;1;0.97;0.66;0.64;0.35
2019-07-12;GBPCAD;-1;2;0.99;0.10;0.93;0.35
2019-07-12;EURNZD;1;0;0.03;;0.75;0.35
2019-07-19;AUDUSD;1;0;0.06;0.46;0.01;0.30
2019-07-19;EURCHF;-1;1;0.92;;0.21;0.30
2019-07-19;GBPNZD;-1;1;0.93;;0.15;0.30
2019-07-19;CADJPY;-1;0;0.20;0.11;0.16;0.30
2019-07-19;EURAUD;-1;0;0.01;0.67;0.46;0.30
2019-07-19;AUDCAD;-1;0;0.81;0.66;0.87;0.30
2019-07-19;GBPCAD;-1;2;0.99;0.10;0.95;0.30
2019-07-19;EURNZD;-1;0;0.52;;0.65;0.30
2019-07-26;AUDUSD;-1;0;0.44;0.46;0.09;0.21
2019-07-26;EURCHF;-1;0;0.90;;0.12;0.21
2019-07-26;GBPNZD;-1;1;0.90;;0.44;0.21
2019-07-26;CADJPY;1;0;0.16;0.11;0.13;0.21
2019-07-26;EURAUD;1;0;0.22;0.67;0.36;0.21
2019-07-26;AUDCAD;-1;0;0.89;0.66;0.85;0.21
2019-07-26;GBPCAD;-1;2;1.00;0.10;0.95;0.21
2019-07-26;EURNZD;-1;0;0.19;;0.50;0.21
2019-08-02;AUDUSD;-1;0;0.63;0.20;0.12;0.27
2019-08-02;EURCHF;-1;1;0.96;;0.19;0.27
2019-08-02;GBPNZD;-1;1;0.95;;0.57;0.27
2019-08-02;CADJPY;-1;0;0.31;0.17;0.06;0.27
2019-08-02;EURAUD;1;0;0.56;0.83;0.26;0.27
2019-08-02;AUDCAD;-1;1;0.96;0.73;0.78;0.27
2019-08-02;GBPCAD;-1;2;1.00;0.07;0.94;0.27
2019-08-02;EURNZD;1;0;0.05;;0.24;0.27
2019-08-09;AUDUSD;-1;0;0.44;0.20;0.10;0.46
2019-08-09;EURCHF;-1;1;0.91;;0.17;0.46
2019-08-09;GBPNZD;-1;0;0.84;;0.62;0.46
2019-08-09;CADJPY;-1;0;0.53;0.17;0.12;0.46
2019-08-09;EURAUD;1;0;0.52;0.83;0.31;0.46
2019-08-09;AUDCAD;-1;0;0.86;0.73;0.81;0.46
2019-08-09;GBPCAD;-1;2;0.99;0.07;0.94;0.46
2019-08-09;EURNZD;1;0;0.31;;0.15;0.46
2019-08-16;AUDUSD;-1;0;0.32;0.20;0.07;0.59
2019-08-16;EURCHF;-1;0;0.87;;0.43;0.59
2019-08-16;GBPNZD;-1;0;0.66;;0.59;0.59
2019-08-16;CADJPY;-1;0;0.53;0.17;0.14;0.59
2019-08-16;EURAUD;1;0;0.20;0.83;0.28;0.59
2019-08-16;AUDCAD;-1;0;0.68;0.73;0.78;0.59
2019-08-16;GBPCAD;-1;2;0.92;0.07;0.94;0.59
2019-08-16;EURNZD;1;0;0.09;;0.23;0.59
2019-08-23;AUDUSD;-1;0;0.52;0.20;0.05;0.68
2019-08-23;EURCHF;-1;0;0.85;;0.49;0.68
2019-08-23;GBPNZD;1;0;0.25;;0.30;0.68
2019-08-23;CADJPY;-1;0;0.53;0.17;0.23;0.68
2019-08-23;EURAUD;1;0;0.55;0.83;0.46;0.68
2019-08-23;AUDCAD;-1;0;0.89;0.73;0.80;0.68
2019-08-23;GBPCAD;-1;0;0.82;0.07;0.90;0.68
2019-08-23;EURNZD;1;0;0.41;;0.50;0.68
2019-08-30;AUDUSD;-1;0;0.73;0.20;0.02;0.73
2019-08-30;EURCHF;-1;0;0.78;;0.73;0.73
2019-08-30;GBPNZD;1;0;0.21;;0.11;0.73
2019-08-30;CADJPY;-1;0;0.22;0.17;0.31;0.73
2019-08-30;EURAUD;1;0;0.21;0.83;0.40;0.73
2019-08-30;AUDCAD;-1;1;0.93;0.73;0.67;0.73
2019-08-30;GBPCAD;-1;0;0.87;0.07;0.87;0.73
2019-08-30;EURNZD;1;0;0.55;;0.54;0.73
2019-09-06;AUDUSD;-1;0;0.29;0.06;0.09;0.70
2019-09-06;EURCHF;-1;0;0.86;;0.77;0.70
2019-09-06;GBPNZD;-1;0;0.21;;0.18;0.70
2019-09-06;CADJPY;-1;0;0.14;0.25;0.22;0.70
2019-09-06;EURAUD;-1;0;0.25;0.62;0.18;0.70
2019-09-06;AUDCAD;-1;0;0.65;0.71;0.54;0.70
2019-09-06;GBPCAD;-1;0;0.79;0.09;0.77;0.70
2019-09-06;EURNZD;1;0;0.04;;0.50;0.70
2019-09-13;AUDUSD;-1;0;0.06;0.06;0.08;0.60
2019-09-13;EURCHF;-1;0;0.62;;0.72;0.60
2019-09-13;GBPNZD;1;0;0.19;;0.08;0.60
2019-09-13;CADJPY;1;0;0.12;0.25;0.37;0.60
2019-09-13;EURAUD;-1;0;0.32;0.62;0.18;0.60
2019-09-13;AUDCAD;-1;0;0.16;0.71;0.48;0.60
2019-09-13;GBPCAD;-1;0;0.45;0.09;0.74;0.60
2019-09-13;EURNZD;1;0;0.19;;0.48;0.60
2019-09-20;AUDUSD;-1;0;0.66;0.06;0.28;0.55
2019-09-20;EURCHF;-1;0;0.55;;0.70;0.55
2019-09-20;GBPNZD;1;0;0.81;;0.08;0.55
2019-09-20;CADJPY;-1;0;0.23;0.25;0.03;0.55
2019-09-20;EURAUD;1;0;0.04;0.62;0.40;0.55
2019-09-20;AUDCAD;-1;0;0.56;0.71;0.53;0.55
2019-09-20;GBPCAD;-1;0;0.09;0.09;0.83;0.55
2019-09-20;EURNZD;1;0;0.70;;0.25;0.55
2019-09-27;AUDUSD;-1;0;0.77;0.06;0.38;0.48
2019-09-27;EURCHF;-1;0;0.73;;0.54;0.48
2019-09-27;GBPNZD;1;0;0.73;;0.27;0.48
2019-09-27;CADJPY;1;0;0.26;0.25;0.02;0.48
2019-09-27;EURAUD;-1;0;0.17;0.62;0.44;0.48
2019-09-27;AUDCAD;-1;0;0.72;0.71;0.04;0.48
2019-09-27;GBPCAD;-1;0;0.14;0.09;0.38;0.48
2019-09-27;EURNZD;1;0;0.68;;0.27;0.48
2019-10-04;AUDUSD;-1;0;0.68;0.12;0.23;0.50
2019-10-04;EURCHF;-1;0;0.54;;0.50;0.50
2019-10-04;GBPNZD;1;0;0.64;;0.31;0.50
2019-10-04;CADJPY;-1;0;0.60;0.32;0.16;0.50
2019-10-04;EURAUD;-1;0;0.10;0.86;0.47;0.50
2019-10-04;AUDCAD;-1;0;0.37;0.82;0.07;0.50
2019-10-04;GBPCAD;-1;0;0.01;0.04;0.08;0.50
2019-10-04;EURNZD;1;0;0.62;;0.14;0.50
2019-10-11;AUDUSD;-1;0;0.71;0.12;0.26;0.57
2019-10-11;EURCHF;-1;0;0.21;;0.52;0.57
2019-10-11;GBPNZD;1;1;0.92;;0.34;0.57
2019-10-11;CADJPY;1;0;0.01;0.32;0.21;0.57
2019-10-11;EURAUD;-1;0;0.38;0.86;0.50;0.57
2019-10-11;AUDCAD;-1;0;0.74;0.82;0.14;0.57
2019-10-11;GBPCAD;1;0;0.42;0.04;0.04;0.57
2019-10-11;EURNZD;1;0;0.84;;0.09;0.57
2019-10-18;AUDUSD;-1;0;0.45;0.12;0.15;0.57
2019-10-18;EURCHF;-1;0;0.05;;0.53;0.57
2019-10-18;GBPNZD;1;1;0.92;;0.44;0.57
2019-10-18;CADJPY;1;0;0.07;0.32;0.12;0.57
2019-10-18;EURAUD;1;0;0.41;0.86;0.48;0.57
2019-10-18;AUDCAD;-1;0;0.54;0.82;0.12;0.57
2019-10-18;GBPCAD;1;0;0.54;0.04;0.06;0.57
2019-10-18;EURNZD;1;0;0.87;;0.22;0.57
2019-10-25;AUDUSD;-1;0;0.22;0.12;0.12;0.51
2019-10-25;EURCHF;1;0;0.00;;0.42;0.51
2019-10-25;GBPNZD;1;1;0.94;;0.69;0.51
2019-10-25;CADJPY;1;0;0.15;0.32;0.13;0.51
2019-10-25;EURAUD;-1;0;0.07;0.86;0.25;0.51
2019-10-25;AUDCAD;-1;0;0.43;0.82;0.02;0.51
2019-10-25;GBPCAD;1;0;0.70;0.04;0.10;0.51
2019-10-25;EURNZD;1;0;0.65;;0.59;0.51
2019-11-01;AUDUSD;1;0;0.54;0.11;0.27;0.39
2019-11-01;EURCHF;1;0;0.33;;0.35;0.39
2019-11-01;GBPNZD;1;0;0.84;;0.81;0.39
2019-11-01;CADJPY;1;0;0.70;0.05;0.36;0.39
2019-11-01;EURAUD;-1;0;0.67;0.86;0.27;0.39
2019-11-01;AUDCAD;1;0;0.27;0.83;0.06;0.39
2019-11-01;GBPCAD;1;0;0.75;0.06;0.14;0.39
2019-11-01;EURNZD;1;0;0.07;;0.62;0.39
2019-11-08;AUDUSD;1;0;0.45;0.11;0.48;0.22
2019-11-08;EURCHF;1;0;0.48;;0.52;0.22
2019-11-08;GBPNZD;1;0;0.88;;0.82;0.22
2019-11-08;CADJPY;1;0;0.77;0.05;0.64;0.22
2019-11-08;EURAUD;-1;0;0.69;0.86;0.59;0.22
2019-11-08;AUDCAD;1;0;0.27;0.83;0.02;0.22
2019-11-08;GBPCAD;1;0;0.78;0.06;0.15;0.22
2019-11-08;EURNZD;1;0;0.07;;0.58;0.22
2019-11-15;AUDUSD;-1;0;0.11;0.11;0.37;0.18
2019-11-15;EURCHF;-1;0;0.29;;0.21;0.18
2019-11-15;GBPNZD;1;0;0.80;;0.73;0.18
2019-11-15;CADJPY;1;0;0.63;0.05;0.74;0.18
2019-11-15;EURAUD;-1;0;0.22;0.86;0.43;0.18
2019-11-15;AUDCAD;-1;0;0.10;0.83;0.06;0.18
2019-11-15;GBPCAD;1;0;0.78;0.06;0.16;0.18
2019-11-15;EURNZD;1;0;0.05;;0.48;0.18
2019-11-22;AUDUSD;-1;0;0.10;0.11;0.36;0.15
2019-11-22;EURCHF;1;0;0.38;;0.04;0.15
2019-11-22;GBPNZD;1;0;0.62;;0.64;0.15
2019-11-22;CADJPY;1;0;0.57;0.05;0.73;0.15
2019-11-22;EURAUD;1;0;0.28;0.86;0.48;0.15
2019-11-22;AUDCAD;-1;0;0.17;0.83;0.03;0.15
2019-11-22;GBPCAD;1;0;0.74;0.06;0.19;0.15
2019-11-22;EURNZD;-1;0;0.32;;0.34;0.15
2019-11-29;AUDUSD;-1;0;0.02;0.11;0.43;0.14
2019-11-29;EURCHF;1;0;0.63;;0.66;0.14
2019-11-29;GBPNZD;1;0;0.76;;0.53;0.14
2019-11-29;CADJPY;1;0;0.79;0.05;0.71;0.14
2019-11-29;EURAUD;1;0;0.12;0.86;0.54;0.14
2019-11-29;AUDCAD;-1;0;0.09;0.83;0.14;0.14
2019-11-29;GBPCAD;1;0;0.87;0.06;0.20;0.14
2019-11-29;EURNZD;-1;0;0.26;;0.17;0.14
2019-12-06;AUDUSD;1;0;0.15;0.38;0.48;0.19
2019-12-06;EURCHF;1;0;0.06;;0.64;0.19
2019-12-06;GBPNZD;1;0;0.61;;0.33;0.19
2019-12-06;CADJPY;1;0;0.10;0.27;0.73;0.19
2019-12-06;EURAUD;-1;0;0.15;0.62;0.58;0.19
2019-12-06;AUDCAD;1;0;0.14;0.78;0.11;0.19
2019-12-06;GBPCAD;1;1;0.91;0.10;0.18;0.19
2019-12-06;EURNZD;-1;0;0.51;;0.23;0.19
2019-12-13;AUDUSD;1;0;0.07;0.38;0.34;0.26
2019-12-13;EURCHF;1;0;0.15;;0.73;0.26
2019-12-13;GBPNZD;1;0;0.49;;0.40;0.26
2019-12-13;CADJPY;1;0;0.38;0.27;0.75;0.26
2019-12-13;EURAUD;-1;0;0.11;0.62;0.39;0.26
2019-12-13;AUDCAD;1;0;0.06;0.78;0.05;0.26
2019-12-13;GBPCAD;1;0;0.88;0.10;0.34;0.26
2019-12-13;EURNZD;-1;0;0.73;;0.20;0.26
2019-12-20;AUDUSD;1;0;0.42;0.38;0.05;0.25
2019-12-20;EURCHF;-1;0;0.13;;0.51;0.25
2019-12-20;GBPNZD;1;0;0.04;;0.03;0.25
2019-12-20;CADJPY;1;0;0.59;0.27;0.64;0.25
2019-12-20;EURAUD;-1;0;0.25;0.62;0.12;0.25
2019-12-20;AUDCAD;1;0;0.29;0.78;0.06;0.25
2019-12-20;GBPCAD;1;0;0.64;0.10;0.75;0.25
2019-12-20;EURNZD;-1;0;0.83;;0.63;0.25
2019-12-27;AUDUSD;1;0;0.75;0.38;0.03;0.28
2019-12-27;EURCHF;-1;0;0.02;;0.24;0.28
2019-12-27;GBPNZD;-1;0;0.11;;0.09;0.28
2019-12-27;CADJPY;1;0;0.59;0.27;0.53;0.28
2019-12-27;EURAUD;-1;0;0.26;0.62;0.06;0.28
2019-12-27;AUDCAD;1;0;0.59;0.78;0.03;0.28
2019-12-27;GBPCAD;1;0;0.75;0.10;0.71;0.28
2019-12-27;EURNZD;-1;0;0.90;;0.67;0.28
2020-01-03;AUDUSD;1;0;0.68;0.63;0.28;0.26
2020-01-03;EURCHF;-1;0;0.39;;0.39;0.26
2020-01-03;GBPNZD;-1;0;0.13;;0.27;0.26
2020-01-03;CADJPY;1;0;0.76;0.32;0.44;0.26
2020-01-03;EURAUD;-1;0;0.33;0.30;0.28;0.26
2020-01-03;AUDCAD;1;0;0.09;0.50;0.12;0.26
2020-01-03;GBPCAD;1;0;0.62;0.00;0.71;0.26
2020-01-03;EURNZD;-1;0;0.83;;0.77;0.26
2020-01-10;AUDUSD;1;0;0.38;0.63;0.40;0.19
2020-01-10;EURCHF;-1;0;0.76;;0.27;0.19
2020-01-10;GBPNZD;-1;0;0.28;;0.34;0.19
2020-01-10;CADJPY;1;0;0.49;0.32;0.44;0.19
2020-01-10;EURAUD;-1;0;0.18;0.30;0.27;0.19
2020-01-10;AUDCAD;-1;0;0.14;0.50;0.02;0.19
2020-01-10;GBPCAD;1;0;0.42;0.00;0.54;0.19
2020-01-10;EURNZD;-1;0;0.84;;0.76;0.19
2020-01-17;AUDUSD;1;0;0.06;0.63;0.53;0.17
2020-01-17;EURCHF;-1;0;0.88;;0.58;0.17
2020-01-17;GBPNZD;-1;0;0.58;;0.23;0.17
2020-01-17;CADJPY;1;0;0.43;0.32;0.37;0.17
2020-01-17;EURAUD;-1;0;0.17;0.30;0.32;0.17
2020-01-17;AUDCAD;-1;0;0.02;0.50;0.15;0.17
2020-01-17;GBPCAD;1;0;0.04;0.00;0.72;0.17
2020-01-17;EURNZD;-1;0;0.87;;0.76;0.17
2020-01-24;AUDUSD;-1;0;0.02;0.63;0.49;0.20
2020-01-24;EURCHF;-1;1;0.93;;0.71;0.20
2020-01-24;GBPNZD;-1;0;0.38;;0.50;0.20
2020-01-24;CADJPY;1;0;0.02;0.32;0.20;0.20
2020-01-24;EURAUD;-1;0;0.12;0.30;0.47;0.20
2020-01-24;AUDCAD;-1;0;0.17;0.50;0.30;0.20
2020-01-24;GBPCAD;1;0;0.52;0.00;0.67;0.20
2020-01-24;EURNZD;-1;1;0.90;;0.84;0.20
2020-01-31;AUDUSD;-1;0;0.71;0.63;0.34;0.32
2020-01-31;EURCHF;-1;1;0.93;;0.78;0.32
2020-01-31;GBPNZD;1;0;0.31;;0.64;0.32
2020-01-31;CADJPY;-1;0;0.07;0.32;0.04;0.32
2020-01-31;EURAUD;1;0;0.63;0.30;0.33;0.32
2020-01-31;AUDCAD;-1;0;0.75;0.50;0.29;0.32
2020-01-31;GBPCAD;1;0;0.51;0.00;0.55;0.32
2020-01-31;EURNZD;-1;0;0.30;;0.85;0.32
2020-02-07;AUDUSD;-1;0;0.60;0.37;0.29;0.41
2020-02-07;EURCHF;-1;0;0.89;;0.88;0.41
2020-02-07;GBPNZD;1;0;0.06;;0.54;0.41
2020-02-07;CADJPY;1;0;0.00;0.31;0.36;0.41
2020-02-07;EURAUD;1;0;0.52;0.30;0.20;0.41
2020-02-07;AUDCAD;-1;0;0.55;0.42;0.23;0.41
2020-02-07;GBPCAD;1;0;0.33;0.01;0.74;0.41
2020-02-07;EURNZD;-1;0;0.47;;0.77;0.41
2020-02-14;AUDUSD;-1;0;0.40;0.37;0.27;0.46
2020-02-14;EURCHF;-1;1;0.93;;0.90;0.46
2020-02-14;GBPNZD;1;0;0.04;;0.38;0.46
2020-02-14;CADJPY;1;0;0.21;0.31;0.41;0.46
2020-02-14;EURAUD;-1;0;0.17;0.30;0.42;0.46
2020-02-14;AUDCAD;-1;0;0.34;0.42;0.53;0.46
2020-02-14;GBPCAD;1;0;0.17;0.01;0.80;0.46
2020-02-14;EURNZD;-1;0;0.66;;0.69;0.46
2020-02-21;AUDUSD;-1;0;0.53;0.37;0.31;0.51
2020-02-21;EURCHF;-1;1;0.98;;0.83;0.51
2020-02-21;GBPNZD;1;0;0.36;;0.12;0.51
2020-02-21;CADJPY;1;0;0.73;0.31;0.31;0.51
2020-02-21;EURAUD;1;0;0.16;0.30;0.44;0.51
2020-02-21;AUDCAD;-1;0;0.73;0.42;0.41;0.51
2020-02-21;GBPCAD;1;0;0.10;0.01;0.77;0.51
2020-02-21;EURNZD;1;0;0.19;;0.57;0.51
2020-02-28;AUDUSD;-1;0;0.86;0.37;0.14;0.80
2020-02-28;EURCHF;-1;2;0.96;;0.92;0.80
2020-02-28;GBPNZD;1;0;0.57;;0.19;0.80
2020-02-28;CADJPY;-1;0;0.33;0.31;0.01;0.80
2020-02-28;EURAUD;1;0;0.81;0.30;0.44;0.80
2020-02-28;AUDCAD;-1;0;0.87;0.42;0.19;0.80
2020-02-28;GBPCAD;1;0;0.08;0.01;0.64;0.80
2020-02-28;EURNZD;1;0;0.74;;0.60;0.80
2020-03-06;AUDUSD;-1;2;0.59;0.92;0.12;0.93
2020-03-06;EURCHF;-1;2;0.95;;0.75;0.93
2020-03-06;GBPNZD;1;1;0.36;;0.44;0.93
2020-03-06;CADJPY;-1;1;0.75;0.85;0.11;0.93
2020-03-06;EURAUD;1;1;0.84;0.85;0.10;0.93
2020-03-06;AUDCAD;-1;1;0.40;0.33;0.03;0.93
2020-03-06;GBPCAD;1;1;0.07;0.70;0.64;0.93
2020-03-06;EURNZD;1;2;0.90;;0.27;0.93
2020-03-13;AUDUSD;-1;3;0.99;0.92;0.21;0.99
2020-03-13;EURCHF;-1;2;0.98;;0.69;0.99
2020-03-13;GBPNZD;1;1;0.28;;0.31;0.99
2020-03-13;CADJPY;-1;2;0.94;0.85;0.67;0.99
2020-03-13;EURAUD;1;2;0.99;0.85;0.53;0.99
2020-03-13;AUDCAD;-1;1;0.85;0.33;0.21;0.99
2020-03-13;GBPCAD;1;1;0.22;0.70;0.65;0.99
2020-03-13;EURNZD;1;2;0.98;;0.09;0.99
2020-03-20;AUDUSD;-1;3;1.00;0.92;0.43;1.00
2020-03-20;EURCHF;-1;2;0.96;;0.71;1.00
2020-03-20;GBPNZD;1;1;0.69;;0.68;1.00
2020-03-20;CADJPY;-1;1;0.82;0.85;0.84;1.00
2020-03-20;EURAUD;1;2;1.00;0.85;0.25;1.00
2020-03-20;AUDCAD;-1;2;0.98;0.33;0.51;1.00
2020-03-20;GBPCAD;-1;1;0.18;0.70;0.46;1.00
2020-03-20;EURNZD;1;2;0.98;;0.74;1.00
2020-03-27;AUDUSD;-1;3;0.97;0.92;0.43;1.00
2020-03-27;EURCHF;-1;1;0.88;;0.37;1.00
2020-03-27;GBPNZD;1;1;0.62;;0.57;1.00
2020-03-27;CADJPY;-1;1;0.86;0.85;0.87;1.00
2020-03-27;EURAUD;1;2;0.96;0.85;0.50;1.00
2020-03-27;AUDCAD;-1;1;0.81;0.33;0.83;1.00
2020-03-27;GBPCAD;1;1;0.20;0.70;0.58;1.00
2020-03-27;EURNZD;1;2;0.93;;0.78;1.00
2020-04-03;AUDUSD;-1;2;0.96;0.85;0.03;1.00
2020-04-03;EURCHF;-1;1;0.83;;0.03;1.00
2020-04-03;GBPNZD;1;1;0.72;;0.57;1.00
2020-04-03;CADJPY;-1;2;0.85;0.95;0.79;1.00
2020-04-03;EURAUD;1;2;0.93;0.83;0.79;1.00
2020-04-03;AUDCAD;-1;2;0.76;0.92;0.53;1.00
2020-04-03;GBPCAD;1;1;0.20;0.88;0.41;1.00
2020-04-03;EURNZD;1;2;0.91;;0.84;1.00
2020-04-10;AUDUSD;-1;1;0.79;0.85;0.39;1.00
2020-04-10;EURCHF;-1;1;0.71;;0.14;1.00
2020-04-10;GBPNZD;1;1;0.61;;0.56;1.00
2020-04-10;CADJPY;-1;2;0.83;0.95;0.83;1.00
2020-04-10;EURAUD;1;2;0.69;0.83;0.90;1.00
2020-04-10;AUDCAD;-1;2;0.24;0.92;0.56;1.00
2020-04-10;GBPCAD;1;1;0.39;0.88;0.54;1.00
2020-04-10;EURNZD;1;1;0.71;;0.85;1.00
2020-04-17;AUDUSD;-1;1;0.66;0.85;0.49;0.99
2020-04-17;EURCHF;-1;1;0.72;;0.47;0.99
2020-04-17;GBPNZD;1;1;0.57;;0.48;0.99
2020-04-17;CADJPY;-1;3;0.81;0.95;0.91;0.99
2020-04-17;EURAUD;1;2;0.62;0.83;0.92;0.99
2020-04-17;AUDCAD;1;2;0.12;0.92;0.53;0.99
2020-04-17;GBPCAD;1;1;0.28;0.88;0.44;0.99
2020-04-17;EURNZD;1;1;0.73;;0.86;0.99
2020-04-24;AUDUSD;-1;1;0.49;0.85;0.50;0.99
2020-04-24;EURCHF;-1;1;0.70;;0.56;0.99
2020-04-24;GBPNZD;1;1;0.26;;0.55;0.99
2020-04-24;CADJPY;-1;3;0.75;0.95;0.94;0.99
2020-04-24;EURAUD;1;2;0.32;0.83;0.92;0.99
2020-04-24;AUDCAD;1;2;0.20;0.92;0.58;0.99
2020-04-24;GBPCAD;1;1;0.06;0.88;0.49;0.99
2020-04-24;EURNZD;1;1;0.60;;0.89;0.99
2020-05-01;AUDUSD;-1;1;0.44;0.85;0.46;0.99
2020-05-01;EURCHF;-1;1;0.63;;0.63;0.99
2020-05-01;GBPNZD;1;1;0.47;;0.54;0.99
2020-05-01;CADJPY;-1;3;0.82;0.96;0.96;0.99
2020-05-01;EURAUD;1;2;0.50;0.81;0.90;0.99
2020-05-01;AUDCAD;1;2;0.17;0.92;0.68;0.99
2020-05-01;GBPCAD;1;1;0.39;0.88;0.58;0.99
2020-05-01;EURNZD;1;1;0.65;;0.88;0.99
2020-05-08;AUDUSD;1;1;0.26;0.85;0.06;0.98
2020-05-08;EURCHF;-1;1;0.44;;0.62;0.98
2020-05-08;GBPNZD;-1;1;0.02;;0.38;0.98
2020-05-08;CADJPY;-1;2;0.72;0.96;0.85;0.98
2020-05-08;EURAUD;-1;1;0.25;0.81;0.79;0.98
2020-05-08;AUDCAD;1;2;0.30;0.92;0.73;0.98
2020-05-08;GBPCAD;1;1;0.00;0.88;0.44;0.98
2020-05-08;EURNZD;1;1;0.49;;0.80;0.98
2020-05-15;AUDUSD;-1;1;0.30;0.85;0.36;0.97
2020-05-15;EURCHF;-1;1;0.49;;0.69;0.97
2020-05-15;GBPNZD;1;1;0.06;;0.28;0.97
2020-05-15;CADJPY;-1;2;0.87;0.96;0.83;0.97
2020-05-15;EURAUD;1;2;0.28;0.81;0.91;0.97
2020-05-15;AUDCAD;1;2;0.45;0.92;0.52;0.97
2020-05-15;GBPCAD;-1;1;0.03;0.88;0.26;0.97
2020-05-15;EURNZD;1;1;0.61;;0.80;0.97
2020-05-22;AUDUSD;1;1;0.05;0.85;0.38;0.95
2020-05-22;EURCHF;-1;1;0.23;;0.39;0.95
2020-05-22;GBPNZD;-1;1;0.36;;0.34;0.95
2020-05-22;CADJPY;-1;2;0.50;0.96;0.82;0.95
2020-05-22;EURAUD;-1;2;0.12;0.81;0.92;0.95
2020-05-22;AUDCAD;1;2;0.68;0.92;0.48;0.95
2020-05-22;GBPCAD;-1;1;0.05;0.88;0.14;0.95
2020-05-22;EURNZD;1;1;0.14;;0.66;0.95
2020-05-29;AUDUSD;1;1;0.08;0.85;0.36;0.94
2020-05-29;EURCHF;1;1;0.27;;0.48;0.94
2020-05-29;GBPNZD;-1;1;0.46;;0.45;0.94
2020-05-29;CADJPY;-1;3;0.21;0.96;0.93;0.94
2020-05-29;EURAUD;-1;2;0.15;0.81;0.93;0.94
2020-05-29;AUDCAD;1;2;0.53;0.92;0.57;0.94
2020-05-29;GBPCAD;-1;1;0.29;0.88;0.16;0.94
2020-05-29;EURNZD;1;1;0.10;;0.63;0.94
2020-06-05;AUDUSD;1;1;0.77;0.83;0.27;0.93
2020-06-05;EURCHF;1;1;0.87;;0.08;0.93
2020-06-05;GBPNZD;-1;1;0.70;;0.65;0.93
2020-06-05;CADJPY;1;2;0.71;0.95;0.90;0.93
2020-06-05;EURAUD;-1;1;0.78;0.81;0.85;0.93
2020-06-05;AUDCAD;1;3;0.90;0.92;0.57;0.93
2020-06-05;GBPCAD;-1;1;0.36;0.87;0.06;0.93
2020-06-05;EURNZD;-1;1;0.47;;0.53;0.93
2020-06-12;AUDUSD;1;2;0.94;0.83;0.03;0.93
2020-06-12;EURCHF;1;1;0.59;;0.61;0.93
2020-06-12;GBPNZD;-1;1;0.46;;0.51;0.93
2020-06-12;CADJPY;1;2;0.42;0.95;0.44;0.93
2020-06-12;EURAUD;-1;2;0.90;0.81;0.62;0.93
2020-06-12;AUDCAD;1;3;0.97;0.92;0.39;0.93
2020-06-12;GBPCAD;-1;1;0.15;0.87;0.09;0.93
2020-06-12;EURNZD;-1;1;0.51;;0.41;0.93
2020-06-19;AUDUSD;1;2;0.90;0.83;0.47;0.94
2020-06-19;EURCHF;1;1;0.10;;0.85;0.94
2020-06-19;GBPNZD;-1;1;0.80;;0.88;0.94
2020-06-19;CADJPY;1;2;0.12;0.95;0.10;0.94
2020-06-19;EURAUD;-1;2;0.93;0.81;0.12;0.94
2020-06-19;AUDCAD;1;3;0.99;0.92;0.60;0.94
2020-06-19;GBPCAD;-1;1;0.29;0.87;0.08;0.94
2020-06-19;EURNZD;-1;1;0.67;;0.47;0.94
2020-06-26;AUDUSD;1;2;0.91;0.83;0.51;0.95
2020-06-26;EURCHF;1;1;0.29;;0.73;0.95
2020-06-26;GBPNZD;-1;2;0.96;;0.90;0.95
2020-06-26;CADJPY;-1;2;0.32;0.95;0.06;0.95
2020-06-26;EURAUD;-1;1;0.89;0.81;0.14;0.95
2020-06-26;AUDCAD;1;3;1.00;0.92;0.22;0.95
2020-06-26;GBPCAD;-1;1;0.67;0.87;0.40;0.95
2020-06-26;EURNZD;-1;1;0.59;;0.59;0.95
2020-07-03;AUDUSD;1;1;0.87;0.84;0.74;0.96
2020-07-03;EURCHF;1;1;0.32;;0.46;0.96
2020-07-03;GBPNZD;-1;2;0.91;;0.87;0.96
2020-07-03;CADJPY;1;2;0.28;0.95;0.02;0.96
2020-07-03;EURAUD;-1;1;0.80;0.81;0.60;0.96
2020-07-03;AUDCAD;1;3;0.99;0.91;0.45;0.96
2020-07-03;GBPCAD;-1;1;0.58;0.86;0.28;0.96
2020-07-03;EURNZD;-1;1;0.54;;0.64;0.96
2020-07-10;AUDUSD;1;1;0.86;0.84;0.79;0.95
2020-07-10;EURCHF;1;1;0.43;;0.56;0.95
2020-07-10;GBPNZD;-1;2;0.97;;0.79;0.95
2020-07-10;CADJPY;1;2;0.44;0.95;0.24;0.95
2020-07-10;EURAUD;-1;1;0.72;0.81;0.70;0.95
2020-07-10;AUDCAD;1;3;0.95;0.91;0.42;0.95
2020-07-10;GBPCAD;-1;1;0.61;0.86;0.34;0.95
2020-07-10;EURNZD;-1;1;0.65;;0.58;0.95
2020-07-17;AUDUSD;1;2;0.90;0.84;0.86;0.94
2020-07-17;EURCHF;1;1;0.66;;0.14;0.94
2020-07-17;GBPNZD;-1;2;0.97;;0.82;0.94
2020-07-17;CADJPY;1;2;0.47;0.95;0.21;0.94
2020-07-17;EURAUD;-1;1;0.66;0.81;0.78;0.94
2020-07-17;AUDCAD;1;3;0.97;0.91;0.57;0.94
2020-07-17;GBPCAD;-1;1;0.52;0.86;0.29;0.94
2020-07-17;EURNZD;-1;1;0.53;;0.63;0.94
2020-07-24;AUDUSD;1;1;0.83;0.84;0.81;0.93
2020-07-24;EURCHF;1;1;0.49;;0.19;0.93
2020-07-24;GBPNZD;-1;1;0.83;;0.83;0.93
2020-07-24;CADJPY;1;2;0.39;0.95;0.26;0.93
2020-07-24;EURAUD;-1;1;0.19;0.81;0.71;0.93
2020-07-24;AUDCAD;1;2;0.89;0.91;0.40;0.93
2020-07-24;GBPCAD;-1;1;0.20;0.86;0.28;0.93
2020-07-24;EURNZD;-1;1;0.17;;0.65;0.93
2020-07-31;AUDUSD;1;2;0.96;0.84;0.76;0.92
2020-07-31;EURCHF;1;1;0.68;;0.36;0.92
2020-07-31;GBPNZD;-1;1;0.68;;0.70;0.92
2020-07-31;CADJPY;1;2;0.71;0.95;0.38;0.92
2020-07-31;EURAUD;-1;1;0.36;0.81;0.56;0.92
2020-07-31;AUDCAD;1;3;0.95;0.91;0.21;0.92
2020-07-31;GBPCAD;1;1;0.15;0.86;0.51;0.92
2020-07-31;EURNZD;-1;1;0.12;;0.45;0.92
2020-08-07;AUDUSD;1;2;0.94;0.84;0.77;0.92
2020-08-07;EURCHF;1;1;0.67;;0.54;0.92
2020-08-07;GBPNZD;-1;1;0.65;;0.60;0.92
2020-08-07;CADJPY;1;2;0.63;0.94;0.14;0.92
2020-08-07;EURAUD;-1;1;0.37;0.81;0.48;0.92
2020-08-07;AUDCAD;1;3;0.94;0.92;0.33;0.92
2020-08-07;GBPCAD;1;1;0.38;0.86;0.19;0.92
2020-08-07;EURNZD;1;1;0.18;;0.36;0.92
2020-08-14;AUDUSD;1;0;0.90;0.84;0.75;0.89
2020-08-14;EURCHF;1;0;0.52;;0.02;0.89
2020-08-14;GBPNZD;1;0;0.08;;0.57;0.89
2020-08-14;CADJPY;1;1;0.61;0.94;0.10;0.89
2020-08-14;EURAUD;-1;0;0.13;0.81;0.37;0.89
2020-08-14;AUDCAD;1;1;0.80;0.92;0.40;0.89
2020-08-14;GBPCAD;1;0;0.46;0.86;0.03;0.89
2020-08-14;EURNZD;1;0;0.18;;0.40;0.89
2020-08-21;AUDUSD;1;0;0.88;0.84;0.80;0.88
2020-08-21;EURCHF;1;0;0.28;;0.52;0.88
2020-08-21;GBPNZD;1;0;0.26;;0.60;0.88
2020-08-21;CADJPY;1;1;0.42;0.94;0.14;0.88
2020-08-21;EURAUD;-1;0;0.18;0.81;0.45;0.88
2020-08-21;AUDCAD;1;1;0.78;0.92;0.54;0.88
2020-08-21;GBPCAD;1;0;0.48;0.86;0.19;0.88
2020-08-21;EURNZD;1;0;0.22;;0.56;0.88
2020-08-28;AUDUSD;1;0;0.83;0.84;0.78;0.87
2020-08-28;EURCHF;1;0;0.27;;0.65;0.87
2020-08-28;GBPNZD;-1;0;0.26;;0.58;0.87
2020-08-28;CADJPY;1;1;0.07;0.94;0.19;0.87
2020-08-28;EURAUD;-1;0;0.15;0.81;0.35;0.87
2020-08-28;AUDCAD;1;1;0.74;0.92;0.51;0.87
2020-08-28;GBPCAD;1;0;0.61;0.86;0.22;0.87
2020-08-28;EURNZD;-1;0;0.10;;0.52;0.87
2020-09-04;AUDUSD;1;1;0.81;0.15;0.85;0.90
2020-09-04;EURCHF;1;1;0.48;;0.62;0.90
2020-09-04;GBPNZD;-1;1;0.20;;0.47;0.90
2020-09-04;CADJPY;1;1;0.63;0.80;0.12;0.90
2020-09-04;EURAUD;-1;1;0.39;0.31;0.56;0.90
2020-09-04;AUDCAD;1;1;0.55;0.76;0.52;0.90
2020-09-04;GBPCAD;1;1;0.29;0.71;0.30;0.90
2020-09-04;EURNZD;-1;1;0.03;;0.56;0.90
2020-09-11;AUDUSD;1;1;0.82;0.15;0.76;0.92
2020-09-11;EURCHF;1;1;0.32;;0.28;0.92
2020-09-11;GBPNZD;-1;1;0.21;;0.38;0.92
2020-09-11;CADJPY;1;1;0.37;0.80;0.09;0.92
2020-09-11;EURAUD;-1;1;0.02;0.31;0.46;0.92
2020-09-11;AUDCAD;1;1;0.69;0.76;0.36;0.92
2020-09-11;GBPCAD;-1;1;0.18;0.71;0.22;0.92
2020-09-11;EURNZD;1;1;0.41;;0.45;0.92
2020-09-18;AUDUSD;1;1;0.90;0.15;0.67;0.92
2020-09-18;EURCHF;1;1;0.40;;0.52;0.92
2020-09-18;GBPNZD;-1;1;0.28;;0.15;0.92
2020-09-18;CADJPY;1;1;0.19;0.80;0.22;0.92
2020-09-18;EURAUD;-1;1;0.31;0.31;0.47;0.92
2020-09-18;AUDCAD;1;1;0.80;0.76;0.24;0.92
2020-09-18;GBPCAD;-1;1;0.21;0.71;0.05;0.92
2020-09-18;EURNZD;-1;1;0.07;;0.18;0.92
2020-09-25;AUDUSD;1;1;0.26;0.15;0.63;0.93
2020-09-25;EURCHF;1;1;0.51;;0.70;0.93
2020-09-25;GBPNZD;-1;1;0.16;;0.03;0.93
2020-09-25;CADJPY;-1;1;0.12;0.80;0.10;0.93
2020-09-25;EURAUD;1;1;0.48;0.31;0.32;0.93
2020-09-25;AUDCAD;-1;1;0.04;0.76;0.30;0.93
2020-09-25;GBPCAD;-1;1;0.14;0.71;0.17;0.93
2020-09-25;EURNZD;1;1;0.39;;0.12;0.93
2020-10-02;AUDUSD;1;1;0.45;0.06;0.37;0.92
2020-10-02;EURCHF;1;1;0.53;;0.26;0.92
2020-10-02;GBPNZD;-1;1;0.28;;0.15;0.92
2020-10-02;CADJPY;-1;1;0.02;0.27;0.04;0.92
2020-10-02;EURAUD;-1;1;0.21;0.20;0.09;0.92
2020-10-02;AUDCAD;1;1;0.23;0.07;0.20;0.92
2020-10-02;GBPCAD;1;1;0.14;0.17;0.05;0.92
2020-10-02;EURNZD;1;1;0.50;;0.08;0.92
2020-10-09;AUDUSD;1;1;0.49;0.06;0.34;0.92
2020-10-09;EURCHF;1;1;0.11;;0.52;0.92
2020-10-09;GBPNZD;-1;1;0.25;;0.36;0.92
2020-10-09;CADJPY;1;1;0.37;0.27;0.05;0.92
2020-10-09;EURAUD;-1;1;0.03;0.20;0.03;0.92
2020-10-09;AUDCAD;1;1;0.02;0.07;0.24;0.92
2020-10-09;GBPCAD;-1;1;0.05;0.17;0.08;0.92
2020-10-09;EURNZD;1;1;0.35;;0.14;0.92
2020-10-16;AUDUSD;1;1;0.17;0.06;0.05;0.92
2020-10-16;EURCHF;-1;1;0.16;;0.18;0.92
2020-10-16;GBPNZD;1;1;0.48;;0.35;0.92
2020-10-16;CADJPY;1;1;0.01;0.27;0.07;0.92
2020-10-16;EURAUD;1;1;0.52;0.20;0.32;0.92
2020-10-16;AUDCAD;-1;1;0.65;0.07;0.07;0.92
2020-10-16;GBPCAD;-1;1;0.01;0.17;0.03;0.92
2020-10-16;EURNZD;1;1;0.39;;0.12;0.92
2020-10-23;AUDUSD;1;1;0.13;0.06;0.18;0.92
2020-10-23;EURCHF;-1;1;0.17;;0.34;0.92
2020-10-23;GBPNZD;1;1;0.05;;0.12;0.92
2020-10-23;CADJPY;1;1;0.27;0.27;0.01;0.92
2020-10-23;EURAUD;1;1;0.38;0.20;0.05;0.92
2020-10-23;AUDCAD;-1;1;0.58;0.07;0.20;0.92
2020-10-23;GBPCAD;-1;1;0.30;0.17;0.22;0.92
2020-10-23;EURNZD;1;1;0.04;;0.11;0.92
2020-10-30;AUDUSD;-1;1;0.46;0.06;0.44;0.94
2020-10-30;EURCHF;-1;1;0.45;;0.54;0.94
2020-10-30;GBPNZD;1;1;0.19;;0.30;0.94
2020-10-30;CADJPY;-1;1;0.29;0.27;0.01;0.94
2020-10-30;EURAUD;1;1;0.15;0.20;0.37;0.94
2020-10-30;AUDCAD;-1;1;0.52;0.07;0.38;0.94
2020-10-30;GBPCAD;1;1;0.25;0.17;0.31;0.94
2020-10-30;EURNZD;-1;1;0.26;;0.37;0.94
2020-11-06;AUDUSD;1;1;0.24;0.14;0.03;0.94
2020-11-06;EURCHF;-1;1;0.31;;0.54;0.94
2020-11-06;GBPNZD;-1;1;0.43;;0.46;0.94
2020-11-06;CADJPY;-1;1;0.34;0.29;0.12;0.94
2020-11-06;EURAUD;-1;1;0.15;0.29;0.13;0.94
2020-11-06;AUDCAD;-1;1;0.08;0.23;0.01;0.94
2020-11-06;GBPCAD;-1;1;0.19;0.17;0.00;0.94
2020-11-06;EURNZD;-1;1;0.40;;0.50;0.94
2020-11-13;AUDUSD;1;1;0.06;0.14;0.12;0.93
2020-11-13;EURCHF;1;1;0.13;;0.35;0.93
2020-11-13;GBPNZD;-1;1;0.71;;0.59;0.93
2020-11-13;CADJPY;-1;1;0.11;0.29;0.02;0.93
2020-11-13;EURAUD;-1;1;0.28;0.29;0.14;0.93
2020-11-13;AUDCAD;1;1;0.04;0.23;0.23;0.93
2020-11-13;GBPCAD;1;1;0.12;0.17;0.35;0.93
2020-11-13;EURNZD;-1;1;0.72;;0.50;0.93
2020-11-20;AUDUSD;1;1;0.30;0.14;0.07;0.92
2020-11-20;EURCHF;1;1;0.38;;0.48;0.92
2020-11-20;GBPNZD;-1;1;0.81;;0.54;0.92
2020-11-20;CADJPY;-1;1;0.29;0.29;0.11;0.92
2020-11-20;EURAUD;-1;1;0.37;0.29;0.19;0.92
2020-11-20;AUDCAD;1;1;0.25;0.23;0.26;0.92
2020-11-20;GBPCAD;1;1;0.08;0.17;0.55;0.92
2020-11-20;EURNZD;-1;1;0.83;;0.30;0.92
2020-11-27;AUDUSD;1;0;0.02;0.14;0.05;0.90
2020-11-27;EURCHF;1;0;0.35;;0.65;0.90
2020-11-27;GBPNZD;-1;0;0.67;;0.43;0.90
2020-11-27;CADJPY;1;0;0.01;0.29;0.10;0.90
2020-11-27;EURAUD;-1;0;0.01;0.29;0.29;0.90
2020-11-27;AUDCAD;1;0;0.21;0.23;0.28;0.90
2020-11-27;GBPCAD;1;0;0.14;0.17;0.54;0.90
2020-11-27;EURNZD;-1;0;0.65;;0.26;0.90
2020-12-04;AUDUSD;1;0;0.38;0.13;0.33;0.85
2020-12-04;EURCHF;1;0;0.04;;0.59;0.85
2020-12-04;GBPNZD;-1;0;0.60;;0.25;0.85
2020-12-04;CADJPY;1;0;0.05;0.36;0.00;0.85
2020-12-04;EURAUD;-1;0;0.08;0.31;0.07;0.85
2020-12-04;AUDCAD;1;0;0.03;0.22;0.30;0.85
2020-12-04;GBPCAD;1;0;0.09;0.25;0.27;0.85
2020-12-04;EURNZD;-1;0;0.42;;0.12;0.85
2020-12-11;AUDUSD;1;0;0.50;0.13;0.18;0.84
2020-12-11;EURCHF;1;0;0.08;;0.16;0.84
2020-12-11;GBPNZD;-1;0;0.54;;0.29;0.84
2020-12-11;CADJPY;1;0;0.26;0.36;0.25;0.84
2020-12-11;EURAUD;-1;0;0.27;0.31;0.04;0.84
2020-12-11;AUDCAD;1;0;0.01;0.22;0.10;0.84
2020-12-11;GBPCAD;-1;0;0.15;0.25;0.07;0.84
2020-12-11;EURNZD;-1;0;0.65;;0.25;0.84
2020-12-18;AUDUSD;1;0;0.77;0.13;0.69;0.84
2020-12-18;EURCHF;1;0;0.43;;0.09;0.84
2020-12-18;GBPNZD;-1;0;0.23;;0.45;0.84
2020-12-18;CADJPY;1;0;0.52;0.36;0.10;0.84
2020-12-18;EURAUD;-1;0;0.31;0.31;0.54;0.84
2020-12-18;AUDCAD;1;0;0.36;0.22;0.54;0.84
2020-12-18;GBPCAD;1;0;0.30;0.25;0.05;0.84
2020-12-18;EURNZD;-1;0;0.54;;0.53;0.84
2020-12-25;AUDUSD;1;0;0.90;0.13;0.59;0.84
2020-12-25;EURCHF;1;0;0.14;;0.17;0.84
2020-12-25;GBPNZD;-1;0;0.44;;0.35;0.84
2020-12-25;CADJPY;1;0;0.40;0.36;0.35;0.84
2020-12-25;EURAUD;-1;0;0.68;0.31;0.34;0.84
2020-12-25;AUDCAD;1;0;0.80;0.22;0.82;0.84
2020-12-25;GBPCAD;1;0;0.39;0.25;0.44;0.84
2020-12-25;EURNZD;-1;0;0.74;;0.43;0.84
2021-01-01;AUDUSD;1;1;0.91;0.11;0.46;0.85
2021-01-01;EURCHF;1;0;0.24;;0.19;0.85
2021-01-01;GBPNZD;-1;0;0.57;;0.16;0.85
2021-01-01;CADJPY;1;0;0.40;0.37;0.37;0.85
2021-01-01;EURAUD;-1;0;0.68;0.31;0.17;0.85
2021-01-01;AUDCAD;1;0;0.75;0.20;0.84;0.85
2021-01-01;GBPCAD;1;0;0.27;0.34;0.32;0.85
2021-01-01;EURNZD;-1;0;0.78;;0.51;0.85
2021-01-08;AUDUSD;1;1;0.95;0.11;0.43;0.87
2021-01-08;EURCHF;1;0;0.27;;0.26;0.87
2021-01-08;GBPNZD;-1;0;0.74;;0.03;0.87
2021-01-08;CADJPY;1;0;0.47;0.37;0.31;0.87
2021-01-08;EURAUD;-1;0;0.81;0.31;0.21;0.87
2021-01-08;AUDCAD;1;0;0.88;0.20;0.78;0.87
2021-01-08;GBPCAD;1;0;0.12;0.34;0.33;0.87
2021-01-08;EURNZD;-1;0;0.88;;0.33;0.87
2021-01-15;AUDUSD;1;1;0.96;0.11;0.05;0.87
2021-01-15;EURCHF;-1;0;0.37;;0.09;0.87
2021-01-15;GBPNZD;-1;0;0.61;;0.03;0.87
2021-01-15;CADJPY;1;0;0.50;0.37;0.11;0.87
2021-01-15;EURAUD;-1;0;0.86;0.31;0.16;0.87
2021-01-15;AUDCAD;1;1;0.92;0.20;0.39;0.87
2021-01-15;GBPCAD;1;0;0.24;0.34;0.09;0.87
2021-01-15;EURNZD;-1;0;0.85;;0.38;0.87
2021-01-22;AUDUSD;1;1;0.97;0.11;0.07;0.86
2021-01-22;EURCHF;1;0;0.34;;0.33;0.86
2021-01-22;GBPNZD;-1;0;0.58;;0.19;0.86
2021-01-22;CADJPY;1;0;0.29;0.37;0.12;0.86
2021-01-22;EURAUD;-1;1;0.92;0.31;0.01;0.86
2021-01-22;AUDCAD;1;1;0.99;0.20;0.56;0.86
2021-01-22;GBPCAD;1;0;0.50;0.34;0.25;0.86
2021-01-22;EURNZD;-1;1;0.92;;0.38;0.86
2021-01-29;AUDUSD;1;0;0.86;0.11;0.27;0.89
2021-01-29;EURCHF;1;0;0.41;;0.41;0.89
2021-01-29;GBPNZD;-1;0;0.37;;0.13;0.89
2021-01-29;CADJPY;1;0;0.63;0.37;0.24;0.89
2021-01-29;EURAUD;-1;0;0.81;0.31;0.25;0.89
2021-01-29;AUDCAD;1;1;0.92;0.20;0.67;0.89
2021-01-29;GBPCAD;1;0;0.44;0.34;0.26;0.89
2021-01-29;EURNZD;-1;0;0.80;;0.29;0.89
2021-02-05;AUDUSD;1;0;0.86;0.12;0.01;0.89
2021-02-05;EURCHF;1;0;0.63;;0.11;0.89
2021-02-05;GBPNZD;-1;0;0.37;;0.27;0.89
2021-02-05;CADJPY;1;0;0.74;0.35;0.39;0.89
2021-02-05;EURAUD;-1;0;0.78;0.32;0.11;0.89
2021-02-05;AUDCAD;1;1;0.92;0.24;0.62;0.89
2021-02-05;GBPCAD;1;0;0.52;0.24;0.26;0.89
2021-02-05;EURNZD;-1;0;0.80;;0.17;0.89
2021-02-12;AUDUSD;1;0;0.85;0.12;0.27;0.88
2021-02-12;EURCHF;1;0;0.10;;0.35;0.88
2021-02-12;GBPNZD;-1;0;0.21;;0.44;0.88
2021-02-12;CADJPY;1;0;0.51;0.35;0.52;0.88
2021-02-12;EURAUD;-1;0;0.77;0.32;0.29;0.88
2021-02-12;AUDCAD;1;1;0.93;0.24;0.35;0.88
2021-02-12;GBPCAD;1;0;0.56;0.24;0.08;0.88
2021-02-12;EURNZD;-1;0;0.64;;0.16;0.88
2021-02-19;AUDUSD;1;1;0.91;0.12;0.10;0.88
2021-02-19;EURCHF;1;0;0.32;;0.54;0.88
2021-02-19;GBPNZD;-1;0;0.05;;0.42;0.88
2021-02-19;CADJPY;1;1;0.97;0.35;0.38;0.88
2021-02-19;EURAUD;-1;0;0.90;0.32;0.14;0.88
2021-02-19;AUDCAD;1;1;0.90;0.24;0.38;0.88
2021-02-19;GBPCAD;1;0;0.45;0.24;0.17;0.88
2021-02-19;EURNZD;-1;0;0.75;;0.24;0.88
2021-02-26;AUDUSD;1;0;0.70;0.12;0.12;0.86
2021-02-26;EURCHF;1;0;0.69;;0.34;0.86
2021-02-26;GBPNZD;1;0;0.10;;0.39;0.86
2021-02-26;CADJPY;1;0;0.89;0.35;0.50;0.86
2021-02-26;EURAUD;-1;0;0.66;0.32;0.18;0.86
2021-02-26;AUDCAD;1;0;0.68;0.24;0.32;0.86
2021-02-26;GBPCAD;1;0;0.46;0.24;0.26;0.86
2021-02-26;EURNZD;-1;0;0.45;;0.35;0.86
2021-03-05;AUDUSD;1;0;0.45;0.12;0.49;0.86
2021-03-05;EURCHF;1;0;0.83;;0.11;0.86
2021-03-05;GBPNZD;1;0;0.24;;0.30;0.86
2021-03-05;CADJPY;1;1;0.96;0.38;0.68;0.86
2021-03-05;EURAUD;-1;0;0.84;0.32;0.60;0.86
2021-03-05;AUDCAD;1;0;0.40;0.22;0.26;0.86
2021-03-05;GBPCAD;1;0;0.19;0.33;0.08;0.86
2021-03-05;EURNZD;-1;0;0.59;;0.44;0.86
2021-03-12;AUDUSD;1;0;0.49;0.12;0.48;0.86
2021-03-12;EURCHF;1;0;0.90;;0.64;0.86
2021-03-12;GBPNZD;1;0;0.62;;0.03;0.86
2021-03-12;CADJPY;1;1;0.97;0.38;0.70;0.86
2021-03-12;EURAUD;-1;0;0.83;0.32;0.68;0.86
2021-03-12;AUDCAD;1;0;0.40;0.22;0.16;0.86
2021-03-12;GBPCAD;1;0;0.66;0.33;0.10;0.86
2021-03-12;EURNZD;-1;0;0.60;;0.54;0.86
2021-03-19;AUDUSD;1;0;0.25;0.12;0.51;0.86
2021-03-19;EURCHF;1;0;0.77;;0.07;0.86
2021-03-19;GBPNZD;1;0;0.39;;0.63;0.86
2021-03-19;CADJPY;1;1;0.98;0.38;0.84;0.86
2021-03-19;EURAUD;-1;0;0.77;0.32;0.68;0.86
2021-03-19;AUDCAD;1;0;0.01;0.22;0.01;0.86
2021-03-19;GBPCAD;-1;0;0.10;0.33;0.08;0.86
2021-03-19;EURNZD;-1;0;0.62;;0.11;0.86
2021-03-26;AUDUSD;1;0;0.11;0.12;0.33;0.82
2021-03-26;EURCHF;1;0;0.70;;0.34;0.82
2021-03-26;GBPNZD;1;0;0.76;;0.58;0.82
2021-03-26;CADJPY;1;1;0.99;0.38;0.78;0.82
2021-03-26;EURAUD;-1;0;0.75;0.32;0.58;0.82
2021-03-26;AUDCAD;-1;0;0.42;0.22;0.25;0.82
2021-03-26;GBPCAD;-1;0;0.09;0.33;0.31;0.82
2021-03-26;EURNZD;-1;0;0.43;;0.18;0.82
2021-04-02;AUDUSD;-1;0;0.32;0.11;0.53;0.79
2021-04-02;EURCHF;1;0;0.83;;0.17;0.79
2021-04-02;GBPNZD;1;0;0.85;;0.63;0.79
2021-04-02;CADJPY;1;1;1.00;0.38;0.79;0.79
2021-04-02;EURAUD;-1;0;0.56;0.33;0.74;0.79
2021-04-02;AUDCAD;-1;0;0.76;0.20;0.46;0.79
2021-04-02;GBPCAD;-1;0;0.16;0.39;0.48;0.79
2021-04-02;EURNZD;-1;0;0.31;;0.11;0.79
2021-04-09;AUDUSD;1;0;0.21;0.11;0.24;0.75
2021-04-09;EURCHF;1;0;0.61;;0.08;0.75
2021-04-09;GBPNZD;1;0;0.64;;0.62;0.75
2021-04-09;CADJPY;1;1;0.97;0.38;0.76;0.75
2021-04-09;EURAUD;-1;0;0.21;0.33;0.61;0.75
2021-04-09;AUDCAD;-1;0;0.75;0.20;0.31;0.75
2021-04-09;GBPCAD;-1;0;0.33;0.39;0.44;0.75
2021-04-09;EURNZD;-1;0;0.05;;0.14;0.75
2021-04-16;AUDUSD;1;0;0.06;0.11;0.06;0.70
2021-04-16;EURCHF;1;0;0.75;;0.45;0.70
2021-04-16;GBPNZD;1;0;0.36;;0.68;0.70
2021-04-16;CADJPY;1;1;0.94;0.38;0.80;0.70
2021-04-16;EURAUD;-1;0;0.27;0.33;0.45;0.70
2021-04-16;AUDCAD;-1;0;0.38;0.20;0.11;0.70
2021-04-16;GBPCAD;-1;0;0.13;0.39;0.34;0.70
2021-04-16;EURNZD;-1;0;0.12;;0.30;0.70
2021-04-23;AUDUSD;1;0;0.14;0.11;0.19;0.67
2021-04-23;EURCHF;1;0;0.81;;0.55;0.67
2021-04-23;GBPNZD;1;0;0.18;;0.64;0.67
2021-04-23;CADJPY;1;1;0.92;0.38;0.85;0.67
2021-04-23;EURAUD;-1;0;0.32;0.33;0.29;0.67
2021-04-23;AUDCAD;-1;0;0.43;0.20;0.12;0.67
2021-04-23;GBPCAD;-1;0;0.55;0.39;0.12;0.67
2021-04-23;EURNZD;-1;0;0.11;;0.27;0.67
2021-04-30;AUDUSD;1;0;0.27;0.11;0.08;0.65
2021-04-30;EURCHF;1;0;0.55;;0.49;0.65
2021-04-30;GBPNZD;1;0;0.25;;0.62;0.65
2021-04-30;CADJPY;1;1;0.97;0.38;0.79;0.65
2021-04-30;EURAUD;-1;0;0.25;0.33;0.43;0.65
2021-04-30;AUDCAD;-1;0;0.63;0.20;0.05;0.65
2021-04-30;GBPCAD;-1;0;0.79;0.39;0.27;0.65
2021-04-30;EURNZD;-1;0;0.06;;0.07;0.65
2021-05-07;AUDUSD;1;0;0.22;0.05;0.09;0.66
2021-05-07;EURCHF;1;0;0.53;;0.76;0.66
2021-05-07;GBPNZD;-1;0;0.10;;0.32;0.66
2021-05-07;CADJPY;1;1;0.97;0.36;0.77;0.66
2021-05-07;EURAUD;-1;0;0.23;0.21;0.39;0.66
2021-05-07;AUDCAD;-1;0;0.67;0.17;0.03;0.66
2021-05-07;GBPCAD;-1;0;0.77;0.32;0.11;0.66
2021-05-07;EURNZD;-1;0;0.11;;0.09;0.66
2021-05-14;AUDUSD;1;0;0.19;0.05;0.08;0.75
2021-05-14;EURCHF;1;0;0.34;;0.79;0.75
2021-05-14;GBPNZD;1;0;0.32;;0.22;0.75
2021-05-14;CADJPY;1;1;0.96;0.36;0.82;0.75
2021-05-14;EURAUD;1;0;0.31;0.21;0.37;0.75
2021-05-14;AUDCAD;-1;0;0.88;0.17;0.28;0.75
2021-05-14;GBPCAD;-1;0;0.82;0.32;0.21;0.75
2021-05-14;EURNZD;-1;0;0.19;;0.10;0.75
2021-05-21;AUDUSD;1;0;0.03;0.05;0.19;0.77
2021-05-21;EURCHF;-1;0;0.22;;0.74;0.77
2021-05-21;GBPNZD;1;0;0.60;;0.31;0.77
2021-05-21;CADJPY;1;1;0.96;0.36;0.88;0.77
2021-05-21;EURAUD;1;0;0.12;0.21;0.45;0.77
2021-05-21;AUDCAD;-1;0;0.88;0.17;0.31;0.77
2021-05-21;GBPCAD;-1;0;0.85;0.32;0.37;0.77
2021-05-21;EURNZD;1;0;0.41;;0.03;0.77
2021-05-28;AUDUSD;-1;0;0.11;0.05;0.03;0.76
2021-05-28;EURCHF;1;0;0.49;;0.72;0.76
2021-05-28;GBPNZD;1;0;0.24;;0.35;0.76
2021-05-28;CADJPY;1;1;0.93;0.36;0.85;0.76
2021-05-28;EURAUD;1;0;0.49;0.21;0.25;0.76
2021-05-28;AUDCAD;-1;0;0.83;0.17;0.36;0.76
2021-05-28;GBPCAD;-1;0;0.61;0.32;0.35;0.76
2021-05-28;EURNZD;1;0;0.17;;0.13;0.76
2021-06-04;AUDUSD;1;0;0.09;0.03;0.25;0.76
2021-06-04;EURCHF;-1;0;0.56;;0.73;0.76
2021-06-04;GBPNZD;1;0;0.32;;0.38;0.76
2021-06-04;CADJPY;1;0;0.84;0.15;0.74;0.76
2021-06-04;EURAUD;1;0;0.50;0.21;0.11;0.76
2021-06-04;AUDCAD;-1;0;0.80;0.14;0.42;0.76
2021-06-04;GBPCAD;-1;0;0.69;0.18;0.46;0.76
2021-06-04;EURNZD;1;0;0.36;;0.39;0.76
2021-06-11;AUDUSD;-1;0;0.27;0.03;0.50;0.69
2021-06-11;EURCHF;-1;0;0.78;;0.80;0.69
2021-06-11;GBPNZD;1;0;0.45;;0.45;0.69
2021-06-11;CADJPY;1;0;0.63;0.15;0.66;0.69
2021-06-11;EURAUD;1;0;0.69;0.21;0.48;0.69
2021-06-11;AUDCAD;-1;0;0.77;0.14;0.63;0.69
2021-06-11;GBPCAD;-1;0;0.33;0.18;0.40;0.69
2021-06-11;EURNZD;1;0;0.51;;0.49;0.69
2021-06-18;AUDUSD;-1;0;0.20;0.03;0.73;0.65
2021-06-18;EURCHF;-1;0;0.60;;0.48;0.65
2021-06-18;GBPNZD;1;0;0.19;;0.31;0.65
2021-06-18;CADJPY;1;0;0.48;0.15;0.31;0.65
2021-06-18;EURAUD;1;0;0.48;0.21;0.74;0.65
2021-06-18;AUDCAD;-1;0;0.58;0.14;0.73;0.65
2021-06-18;GBPCAD;-1;0;0.26;0.18;0.22;0.65
2021-06-18;EURNZD;1;0;0.20;;0.28;0.65
2021-06-25;AUDUSD;-1;0;0.02;0.03;0.64;0.62
2021-06-25;EURCHF;-1;0;0.63;;0.84;0.62
2021-06-25;GBPNZD;1;0;0.08;;0.02;0.62
2021-06-25;CADJPY;1;0;0.45;0.15;0.28;0.62
2021-06-25;EURAUD;1;0;0.44;0.21;0.58;0.62
2021-06-25;AUDCAD;-1;0;0.60;0.14;0.76;0.62
2021-06-25;GBPCAD;-1;0;0.54;0.18;0.54;0.62
2021-06-25;EURNZD;1;0;0.10;;0.04;0.62
2021-07-02;AUDUSD;-1;0;0.35;0.02;0.76;0.60
2021-07-02;EURCHF;-1;0;0.47;;0.64;0.60
2021-07-02;GBPNZD;1;0;0.20;;0.12;0.60
2021-07-02;CADJPY;1;0;0.68;0.33;0.39;0.60
2021-07-02;EURAUD;1;0;0.40;0.21;0.72;0.60
2021-07-02;AUDCAD;-1;0;0.82;0.14;0.88;0.60
2021-07-02;GBPCAD;-1;0;0.48;0.15;0.60;0.60
2021-07-02;EURNZD;1;0;0.01;;0.11;0.60
2021-07-09;AUDUSD;-1;0;0.57;0.02;0.72;0.60
2021-07-09;EURCHF;-1;0;0.84;;0.63;0.60
2021-07-09;GBPNZD;1;0;0.59;;0.08;0.60
2021-07-09;CADJPY;1;0;0.26;0.33;0.35;0.60
2021-07-09;EURAUD;1;0;0.62;0.21;0.68;0.60
2021-07-09;AUDCAD;-1;0;0.81;0.14;0.85;0.60
2021-07-09;GBPCAD;1;0;0.02;0.15;0.49;0.60
2021-07-09;EURNZD;1;0;0.30;;0.12;0.60
2021-07-16;AUDUSD;-1;0;0.70;0.02;0.74;0.60
2021-07-16;EURCHF;-1;0;0.77;;0.66;0.60
2021-07-16;GBPNZD;1;0;0.39;;0.39;0.60
2021-07-16;CADJPY;-1;0;0.19;0.33;0.10;0.60
2021-07-16;EURAUD;1;0;0.69;0.21;0.67;0.60
2021-07-16;AUDCAD;-1;0;0.87;0.14;0.74;0.60
2021-07-16;GBPCAD;1;0;0.10;0.15;0.57;0.60
2021-07-16;EURNZD;1;0;0.22;;0.05;0.60
2021-07-23;AUDUSD;-1;0;0.78;0.02;0.73;0.63
2021-07-23;EURCHF;-1;0;0.84;;0.84;0.63
2021-07-23;GBPNZD;1;0;0.56;;0.39;0.63
2021-07-23;CADJPY;-1;0;0.03;0.33;0.20;0.63
2021-07-23;EURAUD;1;0;0.66;0.21;0.58;0.63
2021-07-23;AUDCAD;-1;0;0.82;0.14;0.48;0.63
2021-07-23;GBPCAD;1;0;0.22;0.15;0.38;0.63
2021-07-23;EURNZD;1;0;0.20;;0.02;0.63
2021-07-30;AUDUSD;-1;0;0.78;0.02;0.77;0.67
2021-07-30;EURCHF;-1;0;0.86;;0.83;0.67
2021-07-30;GBPNZD;1;0;0.67;;0.28;0.67
2021-07-30;CADJPY;-1;0;0.20;0.33;0.15;0.67
2021-07-30;EURAUD;1;0;0.88;0.21;0.61;0.67
2021-07-30;AUDCAD;-1;0;0.87;0.14;0.39;0.67
2021-07-30;GBPCAD;1;0;0.52;0.15;0.36;0.67
2021-07-30;EURNZD;1;0;0.45;;0.17;0.67
2021-08-06;AUDUSD;-1;0;0.79;0.03;0.81;0.69
2021-08-06;EURCHF;-1;0;0.88;;0.81;0.69
2021-08-06;GBPNZD;1;0;0.17;;0.23;0.69
2021-08-06;CADJPY;-1;0;0.48;0.15;0.16;0.69
2021-08-06;EURAUD;1;0;0.67;0.22;0.66;0.69
2021-08-06;AUDCAD;-1;0;0.43;0.14;0.39;0.69
2021-08-06;GBPCAD;1;0;0.70;0.19;0.10;0.69
2021-08-06;EURNZD;-1;0;0.09;;0.33;0.69
2021-08-13;AUDUSD;-1;0;0.79;0.03;0.88;0.67
2021-08-13;EURCHF;-1;1;0.81;;0.96;0.67
2021-08-13;GBPNZD;1;0;0.08;;0.33;0.67
2021-08-13;CADJPY;-1;0;0.40;0.15;0.29;0.67
2021-08-13;EURAUD;1;0;0.45;0.22;0.72;0.67
2021-08-13;AUDCAD;-1;0;0.50;0.14;0.36;0.67
2021-08-13;GBPCAD;1;0;0.43;0.19;0.08;0.67
2021-08-13;EURNZD;-1;0;0.34;;0.34;0.67
2021-08-20;AUDUSD;-1;1;0.95;0.03;0.86;0.68
2021-08-20;EURCHF;-1;0;0.87;;0.84;0.68
2021-08-20;GBPNZD;1;0;0.69;;0.27;0.68
2021-08-20;CADJPY;-1;0;0.72;0.15;0.44;0.68
2021-08-20;EURAUD;1;0;0.85;0.22;0.76;0.68
2021-08-20;AUDCAD;-1;0;0.68;0.14;0.19;0.68
2021-08-20;GBPCAD;1;0;0.69;0.19;0.20;0.68
2021-08-20;EURNZD;1;0;0.50;;0.36;0.68
2021-08-27;AUDUSD;-1;0;0.70;0.03;0.85;0.66
2021-08-27;EURCHF;-1;0;0.82;;0.78;0.66
2021-08-27;GBPNZD;-1;0;0.15;;0.20;0.66
2021-08-27;CADJPY;-1;0;0.61;0.15;0.33;0.66
2021-08-27;EURAUD;1;0;0.49;0.22;0.63;0.66
2021-08-27;AUDCAD;-1;0;0.19;0.14;0.23;0.66
2021-08-27;GBPCAD;1;0;0.51;0.19;0.20;0.66
2021-08-27;EURNZD;-1;0;0.20;;0.24;0.66
2021-09-03;AUDUSD;-1;0;0.65;0.02;0.89;0.64
2021-09-03;EURCHF;-1;0;0.19;;0.75;0.64
2021-09-03;GBPNZD;-1;0;0.40;;0.13;0.64
2021-09-03;CADJPY;-1;0;0.47;0.21;0.41;0.64
2021-09-03;EURAUD;1;0;0.45;0.22;0.65;0.64
2021-09-03;AUDCAD;-1;0;0.20;0.12;0.20;0.64
2021-09-03;GBPCAD;1;0;0.43;0.12;0.03;0.64
2021-09-03;EURNZD;-1;0;0.37;;0.10;0.64
2021-09-10;AUDUSD;-1;1;0.71;0.02;0.91;0.68
2021-09-10;EURCHF;-1;0;0.19;;0.41;0.68
2021-09-10;GBPNZD;-1;0;0.48;;0.55;0.68
2021-09-10;CADJPY;-1;0;0.53;0.21;0.36;0.68
2021-09-10;EURAUD;1;0;0.56;0.22;0.76;0.68
2021-09-10;AUDCAD;-1;0;0.28;0.12;0.24;0.68
2021-09-10;GBPCAD;1;0;0.57;0.12;0.11;0.68
2021-09-10;EURNZD;-1;0;0.51;;0.14;0.68
2021-09-17;AUDUSD;-1;1;0.72;0.02;0.92;0.69
2021-09-17;EURCHF;1;0;0.16;;0.80;0.69
2021-09-17;GBPNZD;-1;0;0.43;;0.58;0.69
2021-09-17;CADJPY;-1;0;0.65;0.21;0.46;0.69
2021-09-17;EURAUD;1;0;0.63;0.22;0.75;0.69
2021-09-17;AUDCAD;-1;0;0.20;0.12;0.33;0.69
2021-09-17;GBPCAD;1;0;0.59;0.12;0.14;0.69
2021-09-17;EURNZD;-1;0;0.39;;0.51;0.69
2021-09-24;AUDUSD;-1;1;0.60;0.02;0.90;0.75
2021-09-24;EURCHF;-1;1;0.51;;0.96;0.75
2021-09-24;GBPNZD;-1;0;0.45;;0.57;0.75
2021-09-24;CADJPY;-1;0;0.37;0.21;0.70;0.75
2021-09-24;EURAUD;1;0;0.56;0.22;0.74;0.75
2021-09-24;AUDCAD;-1;0;0.35;0.12;0.25;0.75
2021-09-24;GBPCAD;1;0;0.39;0.12;0.74;0.75
2021-09-24;EURNZD;-1;0;0.40;;0.58;0.75
2021-10-01;AUDUSD;-1;1;0.43;0.05;0.91;0.79
2021-10-01;EURCHF;-1;1;0.25;;0.91;0.79
2021-10-01;GBPNZD;-1;0;0.41;;0.68;0.79
2021-10-01;CADJPY;-1;0;0.02;0.38;0.71;0.79
2021-10-01;EURAUD;1;0;0.06;0.23;0.72;0.79
2021-10-01;AUDCAD;-1;0;0.43;0.19;0.11;0.79
2021-10-01;GBPCAD;-1;0;0.12;0.31;0.70;0.79
2021-10-01;EURNZD;-1;0;0.47;;0.68;0.79
2021-10-08;AUDUSD;-1;0;0.33;0.05;0.87;0.81
2021-10-08;EURCHF;-1;1;0.48;;0.95;0.81
2021-10-08;GBPNZD;-1;0;0.22;;0.77;0.81
2021-10-08;CADJPY;1;0;0.42;0.38;0.73;0.81
2021-10-08;EURAUD;-1;0;0.08;0.23;0.60;0.81
2021-10-08;AUDCAD;-1;0;0.68;0.19;0.30;0.81
2021-10-08;GBPCAD;-1;0;0.63;0.31;0.46;0.81
2021-10-08;EURNZD;-1;0;0.30;;0.67;0.81
2021-10-15;AUDUSD;-1;0;0.15;0.05;0.87;0.80
2021-10-15;EURCHF;-1;0;0.49;;0.82;0.80
2021-10-15;GBPNZD;-1;0;0.30;;0.61;0.80
2021-10-15;CADJPY;1;0;0.74;0.38;0.58;0.80
2021-10-15;EURAUD;-1;0;0.63;0.23;0.66;0.80
2021-10-15;AUDCAD;-1;0;0.14;0.19;0.09;0.80
2021-10-15;GBPCAD;-1;0;0.23;0.31;0.56;0.80
2021-10-15;EURNZD;-1;0;0.70;;0.60;0.80
2021-10-22;AUDUSD;1;0;0.28;0.05;0.78;0.76
2021-10-22;EURCHF;-1;1;0.52;;0.98;0.76
2021-10-22;GBPNZD;-1;0;0.90;;0.23;0.76
2021-10-22;CADJPY;1;0;0.72;0.38;0.10;0.76
2021-10-22;EURAUD;-1;0;0.69;0.23;0.62;0.76
2021-10-22;AUDCAD;-1;0;0.04;0.19;0.32;0.76
2021-10-22;GBPCAD;-1;0;0.68;0.31;0.41;0.76
2021-10-22;EURNZD;-1;0;0.85;;0.43;0.76
2021-10-29;AUDUSD;1;0;0.33;0.05;0.75;0.67
2021-10-29;EURCHF;-1;1;0.55;;0.99;0.67
2021-10-29;GBPNZD;-1;0;0.84;;0.15;0.67
2021-10-29;CADJPY;1;0;0.82;0.38;0.21;0.67
2021-10-29;EURAUD;-1;0;0.84;0.23;0.59;0.67
2021-10-29;AUDCAD;1;0;0.19;0.19;0.56;0.67
2021-10-29;GBPCAD;-1;0;0.73;0.31;0.31;0.67
2021-10-29;EURNZD;-1;0;0.82;;0.57;0.67
2021-11-05;AUDUSD;1;0;0.08;0.05;0.73;0.59
2021-11-05;EURCHF;-1;1;0.80;;0.99;0.59
2021-11-05;GBPNZD;-1;0;0.87;;0.52;0.59
2021-11-05;CADJPY;1;0;0.56;0.35;0.27;0.59
2021-11-05;EURAUD;-1;0;0.48;0.23;0.57;0.59
2021-11-05;AUDCAD;-1;0;0.05;0.16;0.51;0.59
2021-11-05;GBPCAD;-1;0;0.79;0.27;0.24;0.59
2021-11-05;EURNZD;-1;0;0.58;;0.72;0.59
2021-11-12;AUDUSD;-1;0;0.16;0.05;0.45;0.57
2021-11-12;EURCHF;-1;1;0.62;;0.99;0.57
2021-11-12;GBPNZD;-1;1;0.92;;0.78;0.57
2021-11-12;CADJPY;1;0;0.69;0.35;0.30;0.57
2021-11-12;EURAUD;-1;0;0.71;0.23;0.27;0.57
2021-11-12;AUDCAD;-1;0;0.15;0.16;0.28;0.57
2021-11-12;GBPCAD;-1;0;0.71;0.27;0.22;0.57
2021-11-12;EURNZD;-1;0;0.82;;0.69;0.57
2021-11-19;AUDUSD;-1;0;0.00;0.05;0.38;0.60
2021-11-19;EURCHF;-1;0;0.79;;0.73;0.60
2021-11-19;GBPNZD;-1;0;0.76;;0.87;0.60
2021-11-19;CADJPY;1;0;0.63;0.35;0.21;0.60
2021-11-19;EURAUD;-1;0;0.80;0.23;0.05;0.60
2021-11-19;AUDCAD;-1;0;0.06;0.16;0.36;0.60
2021-11-19;GBPCAD;-1;0;0.47;0.27;0.54;0.60
2021-11-19;EURNZD;-1;1;0.91;;0.76;0.60
2021-11-26;AUDUSD;-1;0;0.47;0.05;0.20;0.68
2021-11-26;EURCHF;-1;1;0.95;;0.78;0.68
2021-11-26;GBPNZD;-1;0;0.21;;0.74;0.68
2021-11-26;CADJPY;1;0;0.30;0.35;0.02;0.68
2021-11-26;EURAUD;-1;0;0.43;0.23;0.04;0.68
2021-11-26;AUDCAD;-1;0;0.37;0.16;0.01;0.68
2021-11-26;GBPCAD;-1;0;0.53;0.27;0.05;0.68
2021-11-26;EURNZD;-1;0;0.40;;0.72;0.68
2021-12-03;AUDUSD;-1;0;0.80;0.04;0.28;0.82
2021-12-03;EURCHF;-1;1;0.99;;0.88;0.82
2021-12-03;GBPNZD;1;0;0.31;;0.70;0.82
2021-12-03;CADJPY;-1;0;0.12;0.35;0.09;0.82
2021-12-03;EURAUD;1;0;0.13;0.23;0.10;0.82
2021-12-03;AUDCAD;-1;0;0.88;0.18;0.03;0.82
2021-12-03;GBPCAD;-1;0;0.61;0.43;0.03;0.82
2021-12-03;EURNZD;1;0;0.09;;0.63;0.82
2021-12-10;AUDUSD;-1;0;0.41;0.04;0.08;0.84
2021-12-10;EURCHF;-1;1;0.98;;0.68;0.84
2021-12-10;GBPNZD;1;0;0.07;;0.44;0.84
2021-12-10;CADJPY;1;0;0.42;0.35;0.05;0.84
2021-12-10;EURAUD;-1;0;0.46;0.23;0.28;0.84
2021-12-10;AUDCAD;-1;0;0.52;0.18;0.10;0.84
2021-12-10;GBPCAD;-1;0;0.80;0.43;0.03;0.84
2021-12-10;EURNZD;1;0;0.01;;0.40;0.84
2021-12-17;AUDUSD;-1;0;0.24;0.04;0.43;0.87
2021-12-17;EURCHF;-1;1;0.98;;0.16;0.87
2021-12-17;GBPNZD;1;0;0.26;;0.13;0.87
2021-12-17;CADJPY;-1;0;0.47;0.35;0.06;0.87
2021-12-17;EURAUD;-1;0;0.51;0.23;0.61;0.87
2021-12-17;AUDCAD;-1;0;0.28;0.18;0.33;0.87
2021-12-17;GBPCAD;-1;0;0.59;0.43;0.60;0.87
2021-12-17;EURNZD;1;0;0.03;;0.58;0.87
2021-12-24;AUDUSD;-1;0;0.10;0.04;0.17;0.88
2021-12-24;EURCHF;-1;1;0.98;;0.17;0.88
2021-12-24;GBPNZD;1;0;0.13;;0.31;0.88
2021-12-24;CADJPY;1;0;0.26;0.35;0.34;0.88
2021-12-24;EURAUD;-1;0;0.53;0.23;0.28;0.88
2021-12-24;AUDCAD;1;0;0.21;0.18;0.33;0.88
2021-12-24;GBPCAD;1;0;0.24;0.43;0.89;0.88
2021-12-24;EURNZD;1;0;0.14;;0.67;0.88
2021-12-31;AUDUSD;-1;0;0.04;0.04;0.14;0.82
2021-12-31;EURCHF;-1;1;0.98;;0.28;0.82
2021-12-31;GBPNZD;1;0;0.29;;0.57;0.82
2021-12-31;CADJPY;1;0;0.39;0.35;0.16;0.82
2021-12-31;EURAUD;-1;0;0.47;0.23;0.16;0.82
2021-12-31;AUDCAD;1;0;0.26;0.18;0.15;0.82
2021-12-31;GBPCAD;1;0;0.10;0.43;0.78;0.82
2021-12-31;EURNZD;-1;0;0.22;;0.82;0.82
2022-01-07;AUDUSD;-1;0;0.30;0.04;0.08;0.77
2022-01-07;EURCHF;-1;0;0.88;;0.14;0.77
2022-01-07;GBPNZD;1;0;0.53;;0.71;0.77
2022-01-07;CADJPY;1;0;0.26;0.34;0.30;0.77
2022-01-07;EURAUD;-1;0;0.04;0.24;0.20;0.77
2022-01-07;AUDCAD;-1;0;0.13;0.16;0.41;0.77
2022-01-07;GBPCAD;1;0;0.26;0.47;0.55;0.77
2022-01-07;EURNZD;1;0;0.07;;0.81;0.77
2022-01-14;AUDUSD;-1;0;0.44;0.04;0.02;0.75
2022-01-14;EURCHF;-1;0;0.87;;0.08;0.75
2022-01-14;GBPNZD;1;0;0.78;;0.72;0.75
2022-01-14;CADJPY;1;0;0.28;0.34;0.48;0.75
2022-01-14;EURAUD;-1;0;0.21;0.24;0.15;0.75
2022-01-14;AUDCAD;-1;0;0.33;0.16;0.43;0.75
2022-01-14;GBPCAD;1;0;0.33;0.47;0.58;0.75
2022-01-14;EURNZD;1;0;0.49;;0.81;0.75
2022-01-21;AUDUSD;-1;0;0.56;0.04;0.05;0.79
2022-01-21;EURCHF;-1;0;0.88;;0.07;0.79
2022-01-21;GBPNZD;1;0;0.89;;0.69;0.79
2022-01-21;CADJPY;1;0;0.17;0.34;0.32;0.79
2022-01-21;EURAUD;-1;0;0.22;0.24;0.24;0.79
2022-01-21;AUDCAD;-1;0;0.61;0.16;0.34;0.79
2022-01-21;GBPCAD;-1;0;0.02;0.47;0.31;0.79
2022-01-21;EURNZD;1;0;0.70;;0.75;0.79
2022-01-28;AUDUSD;-1;0;0.80;0.04;0.15;0.88
2022-01-28;EURCHF;-1;0;0.75;;0.35;0.88
2022-01-28;GBPNZD;1;1;0.98;;0.60;0.88
2022-01-28;CADJPY;1;0;0.25;0.34;0.01;0.88
2022-01-28;EURAUD;1;0;0.62;0.24;0.13;0.88
2022-01-28;AUDCAD;-1;0;0.88;0.16;0.07;0.88
2022-01-28;GBPCAD;1;0;0.26;0.47;0.50;0.88
2022-01-28;EURNZD;1;0;0.90;;0.81;0.88
2022-02-04;AUDUSD;-1;1;0.61;0.07;0.27;0.91
2022-02-04;EURCHF;1;1;0.14;;0.60;0.91
2022-02-04;GBPNZD;1;2;0.99;;0.64;0.91
2022-02-04;CADJPY;1;1;0.16;0.38;0.04;0.91
2022-02-04;EURAUD;1;1;0.62;0.24;0.03;0.91
2022-02-04;AUDCAD;-1;1;0.54;0.19;0.09;0.91
2022-02-04;GBPCAD;1;1;0.75;0.71;0.71;0.91
2022-02-04;EURNZD;1;2;0.96;;0.87;0.91
2022-02-11;AUDUSD;-1;1;0.34;0.07;0.15;0.93
2022-02-11;EURCHF;1;1;0.09;;0.27;0.93
2022-02-11;GBPNZD;1;2;0.98;;0.87;0.93
2022-02-11;CADJPY;1;1;0.06;0.38;0.17;0.93
2022-02-11;EURAUD;1;1;0.40;0.24;0.33;0.93
2022-02-11;AUDCAD;-1;1;0.32;0.19;0.25;0.93
2022-02-11;GBPCAD;1;1;0.67;0.71;0.13;0.93
2022-02-11;EURNZD;1;1;0.89;;0.85;0.93
2022-02-18;AUDUSD;-1;1;0.11;0.07;0.36;0.94
2022-02-18;EURCHF;-1;1;0.12;;0.48;0.94
2022-02-18;GBPNZD;1;3;0.93;;0.94;0.94
2022-02-18;CADJPY;-1;1;0.02;0.38;0.02;0.94
2022-02-18;EURAUD;1;1;0.25;0.24;0.59;0.94
2022-02-18;AUDCAD;-1;1;0.11;0.19;0.27;0.94
2022-02-18;GBPCAD;1;1;0.56;0.71;0.32;0.94
2022-02-18;EURNZD;1;1;0.80;;0.85;0.94
2022-02-25;AUDUSD;-1;1;0.17;0.07;0.42;0.93
2022-02-25;EURCHF;-1;1;0.08;;0.54;0.93
2022-02-25;GBPNZD;1;2;0.44;;0.94;0.93
2022-02-25;CADJPY;1;1;0.31;0.38;0.06;0.93
2022-02-25;EURAUD;-1;1;0.24;0.24;0.70;0.93
2022-02-25;AUDCAD;1;1;0.25;0.19;0.48;0.93
2022-02-25;GBPCAD;1;1;0.15;0.71;0.12;0.93
2022-02-25;EURNZD;1;2;0.15;;0.92;0.93
2022-03-04;AUDUSD;1;1;0.53;0.36;0.08;0.95
2022-03-04;EURCHF;-1;1;0.82;;0.64;0.95
2022-03-04;GBPNZD;-1;2;0.44;;0.95;0.95
2022-03-04;CADJPY;-1;1;0.21;0.50;0.36;0.95
2022-03-04;EURAUD;-1;2;0.92;0.25;0.53;0.95
2022-03-04;AUDCAD;1;1;0.84;0.35;0.55;0.95
2022-03-04;GBPCAD;-1;1;0.16;0.66;0.07;0.95
2022-03-04;EURNZD;-1;2;0.76;;0.91;0.95
2022-03-11;AUDUSD;1;1;0.35;0.36;0.07;0.97
2022-03-11;EURCHF;-1;1;0.45;;0.23;0.97
2022-03-11;GBPNZD;-1;1;0.54;;0.88;0.97
2022-03-11;CADJPY;1;1;0.53;0.50;0.19;0.97
2022-03-11;EURAUD;-1;1;0.78;0.25;0.40;0.97
2022-03-11;AUDCAD;1;1;0.46;0.35;0.33;0.97
2022-03-11;GBPCAD;-1;1;0.55;0.66;0.01;0.97
2022-03-11;EURNZD;-1;1;0.68;;0.82;0.97
2022-03-18;AUDUSD;1;1;0.47;0.36;0.18;0.97
2022-03-18;EURCHF;-1;1;0.18;;0.26;0.97
2022-03-18;GBPNZD;-1;1;0.65;;0.40;0.97
2022-03-18;CADJPY;1;1;0.84;0.50;0.41;0.97
2022-03-18;EURAUD;-1;1;0.78;0.25;0.04;0.97
2022-03-18;AUDCAD;1;1;0.37;0.35;0.41;0.97
2022-03-18;GBPCAD;-1;1;0.75;0.66;0.27;0.97
2022-03-18;EURNZD;-1;1;0.76;;0.41;0.97
2022-03-25;AUDUSD;1;1;0.46;0.36;0.10;0.95
2022-03-25;EURCHF;-1;1;0.31;;0.08;0.95
2022-03-25;GBPNZD;-1;1;0.77;;0.38;0.95
2022-03-25;CADJPY;1;2;0.91;0.50;0.16;0.95
2022-03-25;EURAUD;-1;1;0.81;0.25;0.14;0.95
2022-03-25;AUDCAD;1;1;0.29;0.35;0.03;0.95
2022-03-25;GBPCAD;-1;1;0.86;0.66;0.16;0.95
2022-03-25;EURNZD;-1;1;0.78;;0.37;0.95
2022-04-01;AUDUSD;1;1;0.43;0.34;0.42;0.92
2022-04-01;EURCHF;-1;1;0.33;;0.21;0.92
2022-04-01;GBPNZD;-1;1;0.82;;0.33;0.92
2022-04-01;CADJPY;1;1;0.84;0.77;0.51;0.92
2022-04-01;EURAUD;-1;1;0.74;0.25;0.23;0.92
2022-04-01;AUDCAD;1;1;0.39;0.78;0.08;0.92
2022-04-01;GBPCAD;-1;2;0.92;0.46;0.01;0.92
2022-04-01;EURNZD;-1;1;0.62;;0.31;0.92
2022-04-08;AUDUSD;1;0;0.35;0.34;0.76;0.85
2022-04-08;EURCHF;-1;0;0.54;;0.55;0.85
2022-04-08;GBPNZD;-1;0;0.86;;0.42;0.85
2022-04-08;CADJPY;1;0;0.86;0.77;0.59;0.85
2022-04-08;EURAUD;-1;0;0.84;0.25;0.69;0.85
2022-04-08;AUDCAD;1;0;0.70;0.78;0.32;0.85
2022-04-08;GBPCAD;-1;0;0.87;0.46;0.24;0.85
2022-04-08;EURNZD;-1;0;0.74;;0.30;0.85
2022-04-15;AUDUSD;1;0;0.25;0.34;0.86;0.82
2022-04-15;EURCHF;-1;0;0.37;;0.72;0.82
2022-04-15;GBPNZD;-1;0;0.75;;0.58;0.82
2022-04-15;CADJPY;1;1;0.93;0.77;0.47;0.82
2022-04-15;EURAUD;-1;0;0.76;0.25;0.81;0.82
2022-04-15;AUDCAD;1;0;0.67;0.78;0.46;0.82
2022-04-15;GBPCAD;-1;0;0.75;0.46;0.51;0.82
2022-04-15;EURNZD;-1;0;0.64;;0.35;0.82
2022-04-22;AUDUSD;-1;0;0.41;0.34;0.85;0.82
2022-04-22;EURCHF;-1;0;0.07;;0.02;0.82
2022-04-22;GBPNZD;-1;0;0.80;;0.79;0.82
2022-04-22;CADJPY;1;1;0.97;0.77;0.28;0.82
2022-04-22;EURAUD;-1;0;0.75;0.25;0.84;0.82
2022-04-22;AUDCAD;1;0;0.65;0.78;0.55;0.82
2022-04-22;GBPCAD;-1;0;0.83;0.46;0.72;0.82
2022-04-22;EURNZD;-1;0;0.58;;0.41;0.82
2022-04-29;AUDUSD;-1;1;0.09;0.34;0.78;0.90
2022-04-29;EURCHF;-1;1;0.51;;0.22;0.90
2022-04-29;GBPNZD;-1;1;0.81;;0.77;0.90
2022-04-29;CADJPY;1;2;0.96;0.77;0.27;0.90
2022-04-29;EURAUD;-1;1;0.86;0.25;0.82;0.90
2022-04-29;AUDCAD;-1;1;0.10;0.78;0.54;0.90
2022-04-29;GBPCAD;-1;2;0.98;0.46;0.62;0.90
2022-04-29;EURNZD;-1;1;0.74;;0.49;0.90
2022-05-06;AUDUSD;-1;1;0.31;0.66;0.73;0.93
2022-05-06;EURCHF;1;1;0.36;;0.17;0.93
2022-05-06;GBPNZD;-1;1;0.83;;0.49;0.93
2022-05-06;CADJPY;1;2;0.92;0.85;0.04;0.93
2022-05-06;EURAUD;-1;1;0.77;0.42;0.83;0.93
2022-05-06;AUDCAD;-1;1;0.06;0.78;0.71;0.93
2022-05-06;GBPCAD;-1;2;0.99;0.46;0.21;0.93
2022-05-06;EURNZD;-1;1;0.59;;0.28;0.93
2022-05-13;AUDUSD;-1;1;0.47;0.66;0.62;0.96
2022-05-13;EURCHF;1;1;0.06;;0.27;0.96
2022-05-13;GBPNZD;-1;1;0.68;;0.49;0.96
2022-05-13;CADJPY;1;1;0.87;0.85;0.01;0.96
2022-05-13;EURAUD;-1;1;0.62;0.42;0.68;0.96
2022-05-13;AUDCAD;-1;1;0.45;0.78;0.74;0.96
2022-05-13;GBPCAD;-1;2;0.99;0.46;0.29;0.96
2022-05-13;EURNZD;1;1;0.33;;0.01;0.96
2022-05-20;AUDUSD;-1;1;0.35;0.66;0.65;0.97
2022-05-20;EURCHF;-1;1;0.30;;0.31;0.97
2022-05-20;GBPNZD;-1;1;0.35;;0.44;0.97
2022-05-20;CADJPY;1;1;0.84;0.85;0.23;0.97
2022-05-20;EURAUD;-1;1;0.50;0.42;0.72;0.97
2022-05-20;AUDCAD;-1;1;0.41;0.78;0.81;0.97
2022-05-20;GBPCAD;-1;2;0.92;0.46;0.36;0.97
2022-05-20;EURNZD;1;1;0.18;;0.25;0.97
2022-05-27;AUDUSD;-1;1;0.38;0.66;0.58;0.96
2022-05-27;EURCHF;-1;1;0.51;;0.58;0.96
2022-05-27;GBPNZD;-1;1;0.01;;0.43;0.96
2022-05-27;CADJPY;1;1;0.89;0.85;0.18;0.96
2022-05-27;EURAUD;-1;1;0.11;0.42;0.64;0.96
2022-05-27;AUDCAD;-1;1;0.63;0.78;0.74;0.96
2022-05-27;GBPCAD;-1;1;0.83;0.46;0.31;0.96
2022-05-27;EURNZD;-1;1;0.47;;0.21;0.96
2022-06-03;AUDUSD;-1;1;0.28;0.82;0.39;0.94
2022-06-03;EURCHF;-1;1;0.24;;0.37;0.94
2022-06-03;GBPNZD;-1;1;0.15;;0.53;0.94
2022-06-03;CADJPY;1;3;0.96;0.95;0.22;0.94
2022-06-03;EURAUD;-1;1;0.06;0.88;0.44;0.94
2022-06-03;AUDCAD;-1;1;0.73;0.79;0.64;0.94
2022-06-03;GBPCAD;-1;2;0.92;0.67;0.35;0.94
2022-06-03;EURNZD;1;1;0.49;;0.11;0.94
2022-06-10;AUDUSD;-1;1;0.59;0.82;0.45;0.93
2022-06-10;EURCHF;1;1;0.04;;0.55;0.93
2022-06-10;GBPNZD;-1;1;0.32;;0.39;0.93
2022-06-10;CADJPY;1;2;0.90;0.95;0.06;0.93
2022-06-10;EURAUD;-1;1;0.11;0.88;0.45;0.93
2022-06-10;AUDCAD;-1;1;0.79;0.79;0.44;0.93
2022-06-10;GBPCAD;-1;1;0.86;0.67;0.42;0.93
2022-06-10;EURNZD;1;1;0.45;;0.17;0.93
2022-06-17;AUDUSD;-1;1;0.79;0.82;0.27;0.94
2022-06-17;EURCHF;-1;1;0.16;;0.09;0.94
2022-06-17;GBPNZD;-1;1;0.47;;0.35;0.94
2022-06-17;CADJPY;1;2;0.60;0.95;0.06;0.94
2022-06-17;EURAUD;1;1;0.46;0.88;0.37;0.94
2022-06-17;AUDCAD;-1;1;0.81;0.79;0.11;0.94
2022-06-17;GBPCAD;-1;1;0.68;0.67;0.31;0.94
2022-06-17;EURNZD;1;1;0.77;;0.47;0.94
2022-06-24;AUDUSD;-1;1;0.76;0.82;0.43;0.94
2022-06-24;EURCHF;-1;1;0.54;;0.30;0.94
2022-06-24;GBPNZD;-1;1;0.58;;0.33;0.94
2022-06-24;CADJPY;1;2;0.64;0.95;0.06;0.94
2022-06-24;EURAUD;1;1;0.32;0.88;0.61;0.94
2022-06-24;AUDCAD;-1;1;0.83;0.79;0.08;0.94
2022-06-24;GBPCAD;-1;1;0.67;0.67;0.40;0.94
2022-06-24;EURNZD;1;1;0.66;;0.32;0.94
2022-07-01;AUDUSD;-1;2;0.88;0.90;0.17;0.95
2022-07-01;EURCHF;-1;1;0.41;;0.44;0.95
2022-07-01;GBPNZD;1;1;0.63;;0.15;0.95
2022-07-01;CADJPY;1;2;0.51;1.00;0.28;0.95
2022-07-01;EURAUD;1;1;0.79;0.89;0.34;0.95
2022-07-01;AUDCAD;-1;2;0.97;0.80;0.08;0.95
2022-07-01;GBPCAD;-1;1;0.77;0.89;0.31;0.95
2022-07-01;EURNZD;1;1;0.89;;0.15;0.95
2022-07-08;AUDUSD;-1;2;0.79;0.90;0.32;0.95
2022-07-08;EURCHF;-1;1;0.33;;0.51;0.95
2022-07-08;GBPNZD;1;1;0.54;;0.16;0.95
2022-07-08;CADJPY;1;2;0.54;1.00;0.46;0.95
2022-07-08;EURAUD;-1;1;0.37;0.89;0.03;0.95
2022-07-08;AUDCAD;-1;2;0.93;0.80;0.14;0.95
2022-07-08;GBPCAD;-1;1;0.81;0.89;0.12;0.95
2022-07-08;EURNZD;1;1;0.64;;0.11;0.95
2022-07-15;AUDUSD;-1;2;0.76;0.90;0.33;0.93
2022-07-15;EURCHF;-1;1;0.74;;0.76;0.93
2022-07-15;GBPNZD;-1;1;0.11;;0.21;0.93
2022-07-15;CADJPY;1;2;0.41;1.00;0.54;0.93
2022-07-15;EURAUD;-1;1;0.25;0.89;0.11;0.93
2022-07-15;AUDCAD;-1;1;0.81;0.80;0.05;0.93
2022-07-15;GBPCAD;-1;1;0.83;0.89;0.03;0.93
2022-07-15;EURNZD;1;1;0.40;;0.02;0.93
2022-07-22;AUDUSD;-1;2;0.35;0.90;0.36;0.91
2022-07-22;EURCHF;-1;1;0.80;;0.48;0.91
2022-07-22;GBPNZD;-1;1;0.01;;0.23;0.91
2022-07-22;CADJPY;1;2;0.59;1.00;0.57;0.91
2022-07-22;EURAUD;-1;1;0.26;0.89;0.12;0.91
2022-07-22;AUDCAD;-1;1;0.48;0.80;0.03;0.91
2022-07-22;GBPCAD;-1;1;0.72;0.89;0.20;0.91
2022-07-22;EURNZD;-1;1;0.13;;0.02;0.91
2022-07-29;AUDUSD;-1;1;0.23;0.90;0.48;0.89
2022-07-29;EURCHF;-1;1;0.91;;0.49;0.89
2022-07-29;GBPNZD;1;0;0.05;;0.32;0.89
2022-07-29;CADJPY;1;1;0.28;1.00;0.37;0.89
2022-07-29;EURAUD;-1;0;0.28;0.89;0.12;0.89
2022-07-29;AUDCAD;-1;0;0.40;0.80;0.22;0.89
2022-07-29;GBPCAD;-1;0;0.57;0.89;0.12;0.89
2022-07-29;EURNZD;-1;0;0.12;;0.00;0.89
2022-08-05;AUDUSD;-1;0;0.07;0.67;0.57;0.86
2022-08-05;EURCHF;-1;1;0.96;;0.23;0.86
2022-08-05;GBPNZD;1;0;0.33;;0.21;0.86
2022-08-05;CADJPY;1;1;0.42;1.00;0.34;0.86
2022-08-05;EURAUD;-1;1;0.59;0.98;0.39;0.86
2022-08-05;AUDCAD;-1;0;0.21;0.78;0.59;0.86
2022-08-05;GBPCAD;-1;1;0.56;0.95;0.15;0.86
2022-08-05;EURNZD;-1;0;0.54;;0.35;0.86
2022-08-12;AUDUSD;1;0;0.20;0.67;0.39;0.82
2022-08-12;EURCHF;-1;1;0.98;;0.65;0.82
2022-08-12;GBPNZD;-1;0;0.78;;0.24;0.82
2022-08-12;CADJPY;1;1;0.37;1.00;0.37;0.82
2022-08-12;EURAUD;-1;1;0.67;0.98;0.10;0.82
2022-08-12;AUDCAD;1;0;0.19;0.78;0.70;0.82
2022-08-12;GBPCAD;-1;1;0.64;0.95;0.10;0.82
2022-08-12;EURNZD;-1;0;0.70;;0.63;0.82
2022-08-19;AUDUSD;-1;0;0.40;0.67;0.41;0.79
2022-08-19;EURCHF;-1;1;0.96;;0.83;0.79
2022-08-19;GBPNZD;-1;0;0.42;;0.45;0.79
2022-08-19;CADJPY;1;1;0.63;1.00;0.06;0.79
2022-08-19;EURAUD;-1;1;0.64;0.98;0.05;0.79
2022-08-19;AUDCAD;-1;0;0.39;0.78;0.85;0.79
2022-08-19;GBPCAD;-1;1;0.82;0.95;0.28;0.79
2022-08-19;EURNZD;-1;0;0.47;;0.76;0.79
2022-08-26;AUDUSD;-1;0;0.45;0.67;0.30;0.80
2022-08-26;EURCHF;-1;2;0.95;;0.98;0.80
2022-08-26;GBPNZD;-1;0;0.19;;0.28;0.80
2022-08-26;CADJPY;1;1;0.29;1.00;0.03;0.80
2022-08-26;EURAUD;-1;1;0.48;0.98;0.20;0.80
2022-08-26;AUDCAD;-1;0;0.18;0.78;0.75;0.80
2022-08-26;GBPCAD;-1;1;0.64;0.95;0.11;0.80
2022-08-26;EURNZD;-1;0;0.27;;0.74;0.80
2022-09-02;AUDUSD;-1;0;0.61;0.71;0.10;0.82
2022-09-02;EURCHF;-1;2;0.95;;0.99;0.82
2022-09-02;GBPNZD;-1;0;0.60;;0.28;0.82
2022-09-02;CADJPY;1;1;0.01;1.00;0.07;0.82
2022-09-02;EURAUD;-1;1;0.28;0.96;0.46;0.82
2022-09-02;AUDCAD;-1;0;0.19;0.78;0.59;0.82
2022-09-02;GBPCAD;-1;1;0.72;0.97;0.06;0.82
2022-09-02;EURNZD;-1;0;0.31;;0.74;0.82
2022-09-09;AUDUSD;-1;0;0.07;0.71;0.13;0.85
2022-09-09;EURCHF;-1;2;0.97;;0.93;0.85
2022-09-09;GBPNZD;-1;0;0.39;;0.43;0.85
2022-09-09;CADJPY;1;1;0.52;1.00;0.06;0.85
2022-09-09;EURAUD;-1;1;0.54;0.96;0.37;0.85
2022-09-09;AUDCAD;-1;0;0.06;0.78;0.39;0.85
2022-09-09;GBPCAD;-1;1;0.61;0.97;0.07;0.85
2022-09-09;EURNZD;1;0;0.36;;0.69;0.85
2022-09-16;AUDUSD;-1;0;0.45;0.71;0.07;0.89
2022-09-16;EURCHF;-1;0;0.88;;0.10;0.89
2022-09-16;GBPNZD;-1;0;0.49;;0.02;0.89
2022-09-16;CADJPY;1;1;0.30;1.00;0.19;0.89
2022-09-16;EURAUD;1;1;0.44;0.96;0.04;0.89
2022-09-16;AUDCAD;-1;0;0.17;0.78;0.08;0.89
2022-09-16;GBPCAD;-1;1;0.89;0.97;0.25;0.89
2022-09-16;EURNZD;1;0;0.07;;0.15;0.89
2022-09-23;AUDUSD;-1;1;0.59;0.71;0.12;0.91
2022-09-23;EURCHF;-1;1;0.82;;0.26;0.91
2022-09-23;GBPNZD;-1;1;0.61;;0.50;0.91
2022-09-23;CADJPY;1;2;0.08;1.00;0.12;0.91
2022-09-23;EURAUD;1;2;0.47;0.96;0.20;0.91
2022-09-23;AUDCAD;-1;1;0.09;0.78;0.11;0.91
2022-09-23;GBPCAD;-1;2;0.89;0.97;0.23;0.91
2022-09-23;EURNZD;1;1;0.04;;0.48;0.91
2022-09-30;AUDUSD;-1;1;0.65;0.71;0.36;0.93
2022-09-30;EURCHF;-1;1;0.56;;0.11;0.93
2022-09-30;GBPNZD;1;1;0.27;;0.48;0.93
2022-09-30;CADJPY;1;2;0.06;1.00;0.28;0.93
2022-09-30;EURAUD;1;2;0.45;0.96;0.07;0.93
2022-09-30;AUDCAD;-1;1;0.05;0.78;0.69;0.93
2022-09-30;GBPCAD;-1;2;0.36;0.97;0.64;0.93
2022-09-30;EURNZD;1;1;0.85;;0.44;0.93
2022-10-07;AUDUSD;-1;1;0.60;0.36;0.52;0.95
2022-10-07;EURCHF;-1;1;0.35;;0.07;0.95
2022-10-07;GBPNZD;1;1;0.37;;0.46;0.95
2022-10-07;CADJPY;1;2;0.01;1.00;0.27;0.95
2022-10-07;EURAUD;1;2;0.56;0.98;0.15;0.95
2022-10-07;AUDCAD;-1;1;0.21;0.28;0.74;0.95
2022-10-07;GBPCAD;-1;2;0.35;0.94;0.57;0.95
2022-10-07;EURNZD;1;1;0.87;;0.52;0.95
2022-10-14;AUDUSD;-1;1;0.88;0.36;0.16;0.97
2022-10-14;EURCHF;-1;1;0.30;;0.12;0.97
2022-10-14;GBPNZD;1;1;0.72;;0.73;0.97
2022-10-14;CADJPY;1;2;0.04;1.00;0.39;0.97
2022-10-14;EURAUD;1;2;0.84;0.98;0.26;0.97
2022-10-14;AUDCAD;-1;1;0.59;0.28;0.63;0.97
2022-10-14;GBPCAD;1;2;0.14;0.94;0.72;0.97
2022-10-14;EURNZD;1;1;0.90;;0.68;0.97
2022-10-21;AUDUSD;-1;1;0.78;0.36;0.21;0.97
2022-10-21;EURCHF;-1;1;0.19;;0.21;0.97
2022-10-21;GBPNZD;1;1;0.18;;0.70;0.97
2022-10-21;CADJPY;1;2;0.06;1.00;0.26;0.97
2022-10-21;EURAUD;1;2;0.85;0.98;0.38;0.97
2022-10-21;AUDCAD;-1;1;0.51;0.28;0.60;0.97
2022-10-21;GBPCAD;-1;2;0.07;0.94;0.61;0.97
2022-10-21;EURNZD;1;1;0.75;;0.76;0.97
2022-10-28;AUDUSD;-1;1;0.74;0.36;0.03;0.96
2022-10-28;EURCHF;1;1;0.30;;0.65;0.96
2022-10-28;GBPNZD;1;1;0.47;;0.52;0.96
2022-10-28;CADJPY;1;2;0.54;1.00;0.34;0.96
2022-10-28;EURAUD;1;2;0.82;0.98;0.66;0.96
2022-10-28;AUDCAD;-1;1;0.48;0.28;0.60;0.96
2022-10-28;GBPCAD;1;2;0.18;0.94;0.70;0.96
2022-10-28;EURNZD;1;1;0.77;;0.66;0.96
2022-11-04;AUDUSD;-1;1;0.83;0.54;0.12;0.94
2022-11-04;EURCHF;1;1;0.35;;0.75;0.94
2022-11-04;GBPNZD;-1;1;0.06;;0.34;0.94
2022-11-04;CADJPY;1;2;0.65;1.00;0.37;0.94
2022-11-04;EURAUD;1;1;0.78;0.84;0.68;0.94
2022-11-04;AUDCAD;-1;1;0.77;0.52;0.72;0.94
2022-11-04;GBPCAD;-1;1;0.37;0.86;0.74;0.94
2022-11-04;EURNZD;1;1;0.63;;0.58;0.94
2022-11-11;AUDUSD;-1;1;0.61;0.54;0.36;0.91
2022-11-11;EURCHF;1;1;0.41;;0.89;0.91
2022-11-11;GBPNZD;1;1;0.29;;0.35;0.91
2022-11-11;CADJPY;-1;2;0.23;1.00;0.23;0.91
2022-11-11;EURAUD;1;1;0.82;0.84;0.53;0.91
2022-11-11;AUDCAD;-1;1;0.46;0.52;0.80;0.91
2022-11-11;GBPCAD;1;1;0.05;0.86;0.64;0.91
2022-11-11;EURNZD;1;1;0.72;;0.67;0.91
2022-11-18;AUDUSD;-1;0;0.42;0.54;0.41;0.88
2022-11-18;EURCHF;1;1;0.53;;0.99;0.88
2022-11-18;GBPNZD;-1;0;0.25;;0.50;0.88
2022-11-18;CADJPY;-1;1;0.10;1.00;0.33;0.88
2022-11-18;EURAUD;1;1;0.92;0.84;0.52;0.88
2022-11-18;AUDCAD;1;0;0.12;0.52;0.84;0.88
2022-11-18;GBPCAD;1;0;0.48;0.86;0.67;0.88
2022-11-18;EURNZD;1;0;0.68;;0.77;0.88
2022-11-25;AUDUSD;1;0;0.24;0.54;0.37;0.84
2022-11-25;EURCHF;1;1;0.36;;1.00;0.84
2022-11-25;GBPNZD;1;0;0.29;;0.05;0.84
2022-11-25;CADJPY;-1;1;0.33;1.00;0.32;0.84
2022-11-25;EURAUD;1;0;0.85;0.84;0.61;0.84
2022-11-25;AUDCAD;1;0;0.09;0.52;0.76;0.84
2022-11-25;GBPCAD;1;0;0.70;0.86;0.48;0.84
2022-11-25;EURNZD;-1;0;0.41;;0.63;0.84
2022-12-02;AUDUSD;1;0;0.09;0.48;0.28;0.79
2022-12-02;EURCHF;1;1;0.25;;1.00;0.79
2022-12-02;GBPNZD;-1;0;0.11;;0.04;0.79
2022-12-02;CADJPY;-1;1;0.82;0.99;0.38;0.79
2022-12-02;EURAUD;1;0;0.77;0.39;0.67;0.79
2022-12-02;AUDCAD;1;0;0.56;0.57;0.78;0.79
2022-12-02;GBPCAD;1;0;0.81;0.80;0.56;0.79
2022-12-02;EURNZD;-1;0;0.04;;0.60;0.79
2022-12-09;AUDUSD;1;0;0.08;0.48;0.29;0.78
2022-12-09;EURCHF;1;1;0.54;;0.97;0.78
2022-12-09;GBPNZD;-1;0;0.01;;0.41;0.78
2022-12-09;CADJPY;-1;1;0.87;0.99;0.44;0.78
2022-12-09;EURAUD;1;0;0.72;0.39;0.63;0.78
2022-12-09;AUDCAD;1;0;0.70;0.57;0.76;0.78
2022-12-09;GBPCAD;1;0;0.87;0.80;0.74;0.78
2022-12-09;EURNZD;-1;0;0.19;;0.64;0.78
2022-12-16;AUDUSD;1;0;0.04;0.48;0.43;0.77
2022-12-16;EURCHF;1;0;0.62;;0.79;0.77
2022-12-16;GBPNZD;-1;0;0.17;;0.41;0.77
2022-12-16;CADJPY;-1;1;0.77;0.99;0.64;0.77
2022-12-16;EURAUD;1;0;0.80;0.39;0.32;0.77
2022-12-16;AUDCAD;1;0;0.40;0.57;0.79;0.77
2022-12-16;GBPCAD;1;0;0.81;0.80;0.82;0.77
2022-12-16;EURNZD;-1;0;0.24;;0.47;0.77
2022-12-23;AUDUSD;1;0;0.41;0.48;0.03;0.77
2022-12-23;EURCHF;1;0;0.81;;0.51;0.77
2022-12-23;GBPNZD;-1;0;0.11;;0.68;0.77
2022-12-23;CADJPY;-1;1;0.70;0.99;0.59;0.77
2022-12-23;EURAUD;1;0;0.76;0.39;0.55;0.77
2022-12-23;AUDCAD;1;0;0.47;0.57;0.43;0.77
2022-12-23;GBPCAD;1;0;0.89;0.80;0.77;0.77
2022-12-23;EURNZD;1;0;0.12;;0.66;0.77
2022-12-30;AUDUSD;1;0;0.47;0.48;0.27;0.77
2022-12-30;EURCHF;1;0;0.46;;0.64;0.77
2022-12-30;GBPNZD;-1;0;0.62;;0.72;0.77
2022-12-30;CADJPY;-1;1;0.74;0.99;0.50;0.77
2022-12-30;EURAUD;1;0;0.62;0.39;0.72;0.77
2022-12-30;AUDCAD;1;0;0.58;0.57;0.07;0.77
2022-12-30;GBPCAD;1;0;0.69;0.80;0.50;0.77
2022-12-30;EURNZD;1;0;0.31;;0.63;0.77
2023-01-06;AUDUSD;1;0;0.59;0.22;0.35;0.78
2023-01-06;EURCHF;1;0;0.54;;0.24;0.78
2023-01-06;GBPNZD;-1;0;0.65;;0.82;0.78
2023-01-06;CADJPY;-1;1;0.68;0.98;0.29;0.78
2023-01-06;EURAUD;1;0;0.15;0.39;0.69;0.78
2023-01-06;AUDCAD;1;0;0.76;0.58;0.07;0.78
2023-01-06;GBPCAD;1;0;0.72;0.24;0.34;0.78
2023-01-06;EURNZD;-1;0;0.53;;0.77;0.78
2023-01-13;AUDUSD;1;0;0.74;0.22;0.20;0.76
2023-01-13;EURCHF;1;0;0.68;;0.73;0.76
2023-01-13;GBPNZD;-1;1;0.85;;0.94;0.76
2023-01-13;CADJPY;-1;1;0.90;0.98;0.44;0.76
2023-01-13;EURAUD;1;0;0.05;0.39;0.62;0.76
2023-01-13;AUDCAD;1;0;0.90;0.58;0.04;0.76
2023-01-13;GBPCAD;1;0;0.57;0.24;0.17;0.76
2023-01-13;EURNZD;1;0;0.40;;0.85;0.76
2023-01-20;AUDUSD;1;0;0.69;0.22;0.12;0.74
2023-01-20;EURCHF;1;0;0.43;;0.66;0.74
2023-01-20;GBPNZD;-1;0;0.52;;0.85;0.74
2023-01-20;CADJPY;-1;1;0.79;0.98;0.64;0.74
2023-01-20;EURAUD;1;0;0.08;0.39;0.47;0.74
2023-01-20;AUDCAD;1;0;0.85;0.58;0.10;0.74
2023-01-20;GBPCAD;1;0;0.81;0.24;0.36;0.74
2023-01-20;EURNZD;-1;0;0.33;;0.81;0.74
2023-01-27;AUDUSD;1;0;0.80;0.22;0.24;0.72
2023-01-27;EURCHF;1;0;0.31;;0.40;0.72
2023-01-27;GBPNZD;-1;0;0.80;;0.59;0.72
2023-01-27;CADJPY;-1;1;0.83;0.98;0.70;0.72
2023-01-27;EURAUD;-1;0;0.26;0.39;0.05;0.72
2023-01-27;AUDCAD;1;1;0.93;0.58;0.38;0.72
2023-01-27;GBPCAD;1;0;0.58;0.24;0.42;0.72
2023-01-27;EURNZD;-1;0;0.38;;0.56;0.72
2023-02-03;AUDUSD;1;0;0.67;0.76;0.38;0.70
2023-02-03;EURCHF;1;0;0.39;;0.26;0.70
2023-02-03;GBPNZD;-1;0;0.13;;0.56;0.70
2023-02-03;CADJPY;-1;1;0.83;0.97;0.61;0.70
2023-02-03;EURAUD;1;1;0.20;0.97;0.22;0.70
2023-02-03;AUDCAD;1;0;0.84;0.77;0.46;0.70
2023-02-03;GBPCAD;1;0;0.72;0.65;0.48;0.70
2023-02-03;EURNZD;1;0;0.23;;0.60;0.70
2023-02-10;AUDUSD;1;0;0.37;0.76;0.30;0.70
2023-02-10;EURCHF;1;0;0.35;;0.56;0.70
2023-02-10;GBPNZD;-1;0;0.14;;0.75;0.70
2023-02-10;CADJPY;-1;1;0.66;0.97;0.53;0.70
2023-02-10;EURAUD;-1;1;0.02;0.97;0.07;0.70
2023-02-10;AUDCAD;1;0;0.57;0.77;0.41;0.70
2023-02-10;GBPCAD;1;0;0.50;0.65;0.49;0.70
2023-02-10;EURNZD;1;0;0.03;;0.77;0.70
2023-02-17;AUDUSD;1;0;0.46;0.76;0.22;0.69
2023-02-17;EURCHF;1;0;0.24;;0.64;0.69
2023-02-17;GBPNZD;-1;0;0.10;;0.77;0.69
2023-02-17;CADJPY;-1;1;0.54;0.97;0.60;0.69
2023-02-17;EURAUD;1;1;0.02;0.97;0.01;0.69
2023-02-17;AUDCAD;1;0;0.64;0.77;0.49;0.69
2023-02-17;GBPCAD;1;0;0.31;0.65;0.49;0.69
2023-02-17;EURNZD;1;0;0.32;;0.75;0.69
2023-02-24;AUDUSD;1;0;0.07;0.76;0.34;0.72
2023-02-24;EURCHF;1;0;0.27;;0.63;0.72
2023-02-24;GBPNZD;1;0;0.05;;0.69;0.72
2023-02-24;CADJPY;-1;1;0.30;0.97;0.59;0.72
2023-02-24;EURAUD;1;1;0.15;0.97;0.19;0.72
2023-02-24;AUDCAD;1;0;0.33;0.77;0.61;0.72
2023-02-24;GBPCAD;1;0;0.10;0.65;0.57;0.72
2023-02-24;EURNZD;1;0;0.35;;0.69;0.72
2023-03-03;AUDUSD;1;0;0.10;0.49;0.42;0.72
2023-03-03;EURCHF;1;0;0.22;;0.71;0.72
2023-03-03;GBPNZD;-1;0;0.04;;0.56;0.72
2023-03-03;CADJPY;-1;1;0.07;0.92;0.28;0.72
2023-03-03;EURAUD;1;1;0.06;0.95;0.27;0.72
2023-03-03;AUDCAD;1;0;0.19;0.25;0.49;0.72
2023-03-03;GBPCAD;1;0;0.21;0.85;0.39;0.72
2023-03-03;EURNZD;1;0;0.47;;0.56;0.72
2023-03-10;AUDUSD;-1;0;0.25;0.49;0.46;0.73
2023-03-10;EURCHF;-1;0;0.13;;0.74;0.73
2023-03-10;GBPNZD;1;0;0.36;;0.53;0.73
2023-03-10;CADJPY;-1;1;0.30;0.92;0.19;0.73
2023-03-10;EURAUD;1;1;0.55;0.95;0.38;0.73
2023-03-10;AUDCAD;1;0;0.17;0.25;0.23;0.73
2023-03-10;GBPCAD;1;0;0.16;0.85;0.11;0.73
2023-03-10;EURNZD;1;0;0.73;;0.56;0.73
2023-03-17;AUDUSD;-1;0;0.06;0.49;0.22;0.78
2023-03-17;EURCHF;-1;0;0.01;;0.23;0.78
2023-03-17;GBPNZD;1;0;0.34;;0.05;0.78
2023-03-17;CADJPY;-1;1;0.45;0.92;0.51;0.78
2023-03-17;EURAUD;1;1;0.11;0.95;0.31;0.78
2023-03-17;AUDCAD;1;0;0.10;0.25;0.20;0.78
2023-03-17;GBPCAD;1;0;0.09;0.85;0.03;0.78
2023-03-17;EURNZD;1;0;0.37;;0.05;0.78
2023-03-24;AUDUSD;-1;0;0.20;0.49;0.06;0.78
2023-03-24;EURCHF;-1;0;0.03;;0.35;0.78
2023-03-24;GBPNZD;1;0;0.56;;0.78;0.78
2023-03-24;CADJPY;-1;1;0.45;0.92;0.00;0.78
2023-03-24;EURAUD;1;1;0.49;0.95;0.07;0.78
2023-03-24;AUDCAD;-1;0;0.10;0.25;0.47;0.78
2023-03-24;GBPCAD;1;0;0.59;0.85;0.23;0.78
2023-03-24;EURNZD;1;0;0.38;;0.83;0.78
2023-03-31;AUDUSD;-1;0;0.31;0.49;0.24;0.77
2023-03-31;EURCHF;1;0;0.22;;0.19;0.77
2023-03-31;GBPNZD;1;0;0.61;;0.71;0.77
2023-03-31;CADJPY;-1;1;0.04;0.92;0.02;0.77
2023-03-31;EURAUD;1;1;0.80;0.95;0.24;0.77
2023-03-31;AUDCAD;-1;0;0.39;0.25;0.41;0.77
2023-03-31;GBPCAD;1;0;0.49;0.85;0.13;0.77
2023-03-31;EURNZD;1;0;0.53;;0.74;0.77
2023-04-07;AUDUSD;-1;0;0.48;0.75;0.43;0.76
2023-04-07;EURCHF;-1;0;0.32;;0.58;0.76
2023-04-07;GBPNZD;1;0;0.70;;0.75;0.76
2023-04-07;CADJPY;-1;0;0.14;0.90;0.30;0.76
2023-04-07;EURAUD;1;1;0.84;0.98;0.35;0.76
2023-04-07;AUDCAD;-1;0;0.52;0.28;0.65;0.76
2023-04-07;GBPCAD;1;0;0.54;0.85;0.48;0.76
2023-04-07;EURNZD;1;0;0.54;;0.69;0.76
2023-04-14;AUDUSD;-1;0;0.40;0.75;0.14;0.70
2023-04-14;EURCHF;-1;0;0.22;;0.07;0.70
2023-04-14;GBPNZD;1;0;0.57;;0.89;0.70
2023-04-14;CADJPY;1;0;0.63;0.90;0.02;0.70
2023-04-14;EURAUD;1;1;0.76;0.98;0.02;0.70
2023-04-14;AUDCAD;-1;0;0.67;0.28;0.37;0.70
2023-04-14;GBPCAD;1;0;0.09;0.85;0.63;0.70
2023-04-14;EURNZD;1;0;0.65;;0.77;0.70
2023-04-21;AUDUSD;-1;0;0.73;0.75;0.02;0.64
2023-04-21;EURCHF;-1;0;0.62;;0.36;0.64
2023-04-21;GBPNZD;1;0;0.84;;0.81;0.64
2023-04-21;CADJPY;1;0;0.23;0.90;0.24;0.64
2023-04-21;EURAUD;1;2;0.96;0.98;0.22;0.64
2023-04-21;AUDCAD;-1;0;0.80;0.28;0.25;0.64
2023-04-21;GBPCAD;1;0;0.38;0.85;0.60;0.64
2023-04-21;EURNZD;1;0;0.87;;0.67;0.64
2023-04-28;AUDUSD;-1;0;0.79;0.75;0.17;0.60
2023-04-28;EURCHF;-1;0;0.40;;0.57;0.60
2023-04-28;GBPNZD;1;1;0.94;;0.66;0.60
2023-04-28;CADJPY;1;0;0.54;0.90;0.46;0.60
2023-04-28;EURAUD;1;2;0.97;0.98;0.08;0.60
2023-04-28;AUDCAD;-1;0;0.85;0.28;0.25;0.60
2023-04-28;GBPCAD;1;0;0.75;0.85;0.56;0.60
2023-04-28;EURNZD;1;0;0.83;;0.43;0.60
2023-05-05;AUDUSD;-1;0;0.49;0.33;0.11;0.59
2023-05-05;EURCHF;-1;0;0.21;;0.50;0.59
2023-05-05;GBPNZD;1;0;0.79;;0.74;0.59
2023-05-05;CADJPY;1;0;0.37;0.82;0.38;0.59
2023-05-05;EURAUD;1;1;0.86;0.93;0.26;0.59
2023-05-05;AUDCAD;-1;0;0.67;0.37;0.14;0.59
2023-05-05;GBPCAD;1;0;0.71;0.84;0.46;0.59
2023-05-05;EURNZD;1;0;0.56;;0.64;0.59
2023-05-12;AUDUSD;-1;0;0.52;0.33;0.34;0.57
2023-05-12;EURCHF;-1;0;0.46;;0.26;0.57
2023-05-12;GBPNZD;1;1;0.77;;0.90;0.57
2023-05-12;CADJPY;1;0;0.09;0.82;0.27;0.57
2023-05-12;EURAUD;1;1;0.83;0.93;0.36;0.57
2023-05-12;AUDCAD;-1;0;0.66;0.37;0.06;0.57
2023-05-12;GBPCAD;1;0;0.77;0.84;0.33;0.57
2023-05-12;EURNZD;1;0;0.46;;0.82;0.57
2023-05-19;AUDUSD;-1;0;0.18;0.33;0.44;0.57
2023-05-19;EURCHF;-1;0;0.57;;0.55;0.57
2023-05-19;GBPNZD;1;0;0.44;;0.87;0.57
2023-05-19;CADJPY;1;0;0.24;0.82;0.37;0.57
2023-05-19;EURAUD;1;1;0.65;0.93;0.50;0.57
2023-05-19;AUDCAD;-1;0;0.44;0.37;0.17;0.57
2023-05-19;GBPCAD;1;0;0.70;0.84;0.46;0.57
2023-05-19;EURNZD;-1;0;0.10;;0.71;0.57
2023-05-26;AUDUSD;-1;0;0.52;0.33;0.35;0.59
2023-05-26;EURCHF;-1;0;0.73;;0.58;0.59
2023-05-26;GBPNZD;1;0;0.82;;0.82;0.59
2023-05-26;CADJPY;1;0;0.39;0.82;0.32;0.59
2023-05-26;EURAUD;1;1;0.75;0.93;0.36;0.59
2023-05-26;AUDCAD;-1;0;0.79;0.37;0.04;0.59
2023-05-26;GBPCAD;1;0;0.68;0.84;0.55;0.59
2023-05-26;EURNZD;1;0;0.56;;0.62;0.59
2023-06-02;AUDUSD;-1;0;0.02;0.31;0.12;0.56
2023-06-02;EURCHF;-1;0;0.57;;0.43;0.56
2023-06-02;GBPNZD;1;0;0.82;;0.70;0.56
2023-06-02;CADJPY;1;0;0.61;0.79;0.40;0.56
2023-06-02;EURAUD;1;0;0.22;0.83;0.17;0.56
2023-06-02;AUDCAD;-1;0;0.57;0.58;0.21;0.56
2023-06-02;GBPCAD;1;0;0.52;0.86;0.29;0.56
2023-06-02;EURNZD;1;0;0.37;;0.41;0.56
2023-06-09;AUDUSD;-1;0;0.22;0.31;0.53;0.52
2023-06-09;EURCHF;-1;0;0.65;;0.18;0.52
2023-06-09;GBPNZD;1;0;0.76;;0.57;0.52
2023-06-09;CADJPY;1;0;0.84;0.79;0.04;0.52
2023-06-09;EURAUD;-1;0;0.02;0.83;0.55;0.52
2023-06-09;AUDCAD;-1;0;0.43;0.58;0.07;0.52
2023-06-09;GBPCAD;1;0;0.21;0.86;0.57;0.52
2023-06-09;EURNZD;1;0;0.31;;0.34;0.52
2023-06-16;AUDUSD;1;0;0.33;0.31;0.35;0.47
2023-06-16;EURCHF;-1;0;0.68;;0.63;0.47
2023-06-16;GBPNZD;1;0;0.80;;0.02;0.47
2023-06-16;CADJPY;1;1;0.98;0.79;0.26;0.47
2023-06-16;EURAUD;-1;0;0.40;0.83;0.31;0.47
2023-06-16;AUDCAD;-1;0;0.31;0.58;0.05;0.47
2023-06-16;GBPCAD;1;0;0.14;0.86;0.54;0.47
2023-06-16;EURNZD;1;0;0.25;;0.26;0.47
2023-06-23;AUDUSD;-1;0;0.02;0.31;0.39;0.37
2023-06-23;EURCHF;-1;0;0.68;;0.34;0.37
2023-06-23;GBPNZD;1;0;0.74;;0.34;0.37
2023-06-23;CADJPY;1;1;0.97;0.79;0.50;0.37
2023-06-23;EURAUD;1;0;0.10;0.83;0.34;0.37
2023-06-23;AUDCAD;-1;0;0.58;0.58;0.57;0.37
2023-06-23;GBPCAD;1;0;0.08;0.86;0.46;0.37
2023-06-23;EURNZD;1;0;0.32;;0.41;0.37
2023-06-30;AUDUSD;-1;0;0.17;0.31;0.28;0.28
2023-06-30;EURCHF;-1;0;0.49;;0.23;0.28
2023-06-30;GBPNZD;1;0;0.81;;0.43;0.28
2023-06-30;CADJPY;1;1;0.98;0.79;0.76;0.28
2023-06-30;EURAUD;1;0;0.23;0.83;0.25;0.28
2023-06-30;AUDCAD;-1;0;0.56;0.58;0.84;0.28
2023-06-30;GBPCAD;1;0;0.07;0.86;0.12;0.28
2023-06-30;EURNZD;1;0;0.57;;0.38;0.28
2023-07-07;AUDUSD;-1;0;0.08;0.03;0.53;0.29
2023-07-07;EURCHF;-1;0;0.50;;0.55;0.29
2023-07-07;GBPNZD;1;0;0.61;;0.41;0.29
2023-07-07;CADJPY;1;0;0.85;0.79;0.81;0.29
2023-07-07;EURAUD;1;0;0.01;0.83;0.48;0.29
2023-07-07;AUDCAD;-1;1;0.22;0.57;0.96;0.29
2023-07-07;GBPCAD;1;1;0.48;0.92;0.21;0.29
2023-07-07;EURNZD;1;0;0.04;;0.28;0.29
2023-07-14;AUDUSD;1;0;0.28;0.03;0.29;0.28
2023-07-14;EURCHF;-1;0;0.62;;0.11;0.28
2023-07-14;GBPNZD;1;0;0.51;;0.43;0.28
2023-07-14;CADJPY;1;0;0.63;0.79;0.81;0.28
2023-07-14;EURAUD;1;0;0.14;0.83;0.16;0.28
2023-07-14;AUDCAD;1;1;0.12;0.57;0.93;0.28
2023-07-14;GBPCAD;1;1;0.82;0.92;0.31;0.28
2023-07-14;EURNZD;1;0;0.04;;0.25;0.28
2023-07-21;AUDUSD;1;0;0.24;0.03;0.38;0.29
2023-07-21;EURCHF;-1;0;0.61;;0.58;0.29
2023-07-21;GBPNZD;1;0;0.58;;0.49;0.29
2023-07-21;CADJPY;1;0;0.88;0.79;0.73;0.29
2023-07-21;EURAUD;1;0;0.06;0.83;0.39;0.29
2023-07-21;AUDCAD;-1;0;0.33;0.57;0.89;0.29
2023-07-21;GBPCAD;1;1;0.15;0.92;0.21;0.29
2023-07-21;EURNZD;1;0;0.14;;0.02;0.29
2023-07-28;AUDUSD;-1;0;0.00;0.03;0.58;0.29
2023-07-28;EURCHF;-1;0;0.77;;0.50;0.29
2023-07-28;GBPNZD;1;0;0.67;;0.41;0.29
2023-07-28;CADJPY;1;0;0.76;0.79;0.66;0.29
2023-07-28;EURAUD;1;0;0.08;0.83;0.58;0.29
2023-07-28;AUDCAD;-1;1;0.61;0.57;0.93;0.29
2023-07-28;GBPCAD;1;1;0.04;0.92;0.25;0.29
2023-07-28;EURNZD;1;0;0.17;;0.13;0.29
2023-08-04;AUDUSD;-1;0;0.30;0.12;0.37;0.32
2023-08-04;EURCHF;-1;0;0.59;;0.58;0.32
2023-08-04;GBPNZD;1;0;0.74;;0.35;0.32
2023-08-04;CADJPY;1;0;0.70;0.78;0.71;0.32
2023-08-04;EURAUD;1;0;0.56;0.65;0.34;0.32
2023-08-04;AUDCAD;-1;1;0.51;0.53;0.91;0.32
2023-08-04;GBPCAD;1;0;0.20;0.85;0.30;0.32
2023-08-04;EURNZD;1;0;0.62;;0.20;0.32
2023-08-11;AUDUSD;-1;0;0.35;0.12;0.31;0.38
2023-08-11;EURCHF;-1;0;0.53;;0.03;0.38
2023-08-11;GBPNZD;1;0;0.86;;0.30;0.38
2023-08-11;CADJPY;1;0;0.79;0.78;0.66;0.38
2023-08-11;EURAUD;1;0;0.65;0.65;0.39;0.38
2023-08-11;AUDCAD;-1;0;0.52;0.53;0.53;0.38
2023-08-11;GBPCAD;1;0;0.36;0.85;0.15;0.38
2023-08-11;EURNZD;1;0;0.79;;0.29;0.38
2023-08-18;AUDUSD;-1;0;0.46;0.12;0.30;0.44
2023-08-18;EURCHF;-1;0;0.48;;0.14;0.44
2023-08-18;GBPNZD;1;1;0.94;;0.45;0.44
2023-08-18;CADJPY;1;0;0.62;0.78;0.49;0.44
2023-08-18;EURAUD;1;0;0.72;0.65;0.37;0.44
2023-08-18;AUDCAD;-1;0;0.52;0.53;0.36;0.44
2023-08-18;GBPCAD;1;0;0.66;0.85;0.02;0.44
2023-08-18;EURNZD;1;0;0.90;;0.07;0.44
2023-08-25;AUDUSD;-1;0;0.14;0.12;0.05;0.49
2023-08-25;EURCHF;-1;0;0.64;;0.30;0.49
2023-08-25;GBPNZD;1;0;0.59;;0.68;0.49
2023-08-25;CADJPY;1;0;0.64;0.78;0.60;0.49
2023-08-25;EURAUD;1;0;0.45;0.65;0.01;0.49
2023-08-25;AUDCAD;-1;0;0.18;0.53;0.64;0.49
2023-08-25;GBPCAD;1;0;0.39;0.85;0.06;0.49
2023-08-25;EURNZD;1;0;0.50;;0.24;0.49
2023-09-01;AUDUSD;-1;0;0.48;0.14;0.49;0.46
2023-09-01;EURCHF;-1;0;0.66;;0.37;0.46
2023-09-01;GBPNZD;1;0;0.60;;0.69;0.46
2023-09-01;CADJPY;1;0;0.44;0.77;0.22;0.46
2023-09-01;EURAUD;1;0;0.72;0.66;0.35;0.46
2023-09-01;AUDCAD;-1;0;0.35;0.22;0.46;0.46
2023-09-01;GBPCAD;1;0;0.62;0.82;0.21;0.46
2023-09-01;EURNZD;1;0;0.48;;0.36;0.46
2023-09-08;AUDUSD;-1;0;0.75;0.14;0.39;0.44
2023-09-08;EURCHF;-1;0;0.75;;0.32;0.44
2023-09-08;GBPNZD;1;0;0.62;;0.74;0.44
2023-09-08;CADJPY;1;0;0.47;0.77;0.09;0.44
2023-09-08;EURAUD;1;0;0.88;0.66;0.24;0.44
2023-09-08;AUDCAD;-1;0;0.71;0.22;0.46;0.44
2023-09-08;GBPCAD;1;0;0.33;0.82;0.17;0.44
2023-09-08;EURNZD;1;0;0.61;;0.46;0.44
2023-09-15;AUDUSD;-1;0;0.71;0.14;0.13;0.37
2023-09-15;EURCHF;-1;0;0.81;;0.27;0.37
2023-09-15;GBPNZD;1;0;0.44;;0.74;0.37
2023-09-15;CADJPY;1;0;0.27;0.77;0.07;0.37
2023-09-15;EURAUD;1;0;0.52;0.66;0.27;0.37
2023-09-15;AUDCAD;-1;0;0.57;0.22;0.01;0.37
2023-09-15;GBPCAD;-1;0;0.10;0.82;0.42;0.37
2023-09-15;EURNZD;1;0;0.43;;0.37;0.37
2023-09-22;AUDUSD;-1;0;0.43;0.14;0.52;0.34
2023-09-22;EURCHF;-1;0;0.50;;0.08;0.34
2023-09-22;GBPNZD;-1;0;0.25;;0.64;0.34
2023-09-22;CADJPY;1;0;0.22;0.77;0.23;0.34
2023-09-22;EURAUD;1;0;0.05;0.66;0.25;0.34
2023-09-22;AUDCAD;-1;0;0.21;0.22;0.24;0.34
2023-09-22;GBPCAD;-1;0;0.34;0.82;0.05;0.34
2023-09-22;EURNZD;1;0;0.07;;0.58;0.34
2023-09-29;AUDUSD;-1;0;0.42;0.14;0.58;0.44
2023-09-29;EURCHF;1;0;0.31;;0.13;0.44
2023-09-29;GBPNZD;-1;0;0.40;;0.32;0.44
2023-09-29;CADJPY;1;0;0.42;0.77;0.57;0.44
2023-09-29;EURAUD;-1;0;0.03;0.66;0.29;0.44
2023-09-29;AUDCAD;-1;0;0.28;0.22;0.14;0.44
2023-09-29;GBPCAD;-1;0;0.63;0.82;0.02;0.44
2023-09-29;EURNZD;-1;0;0.08;;0.49;0.44
2023-10-06;AUDUSD;-1;0;0.86;0.03;0.51;0.51
2023-10-06;EURCHF;-1;0;0.02;;0.53;0.51
2023-10-06;GBPNZD;-1;0;0.12;;0.24;0.51
2023-10-06;CADJPY;1;0;0.61;0.77;0.64;0.51
2023-10-06;EURAUD;1;0;0.40;0.84;0.11;0.51
2023-10-06;AUDCAD;-1;0;0.70;0.14;0.37;0.51
2023-10-06;GBPCAD;-1;0;0.62;0.77;0.04;0.51
2023-10-06;EURNZD;-1;0;0.13;;0.19;0.51
2023-10-13;AUDUSD;-1;0;0.84;0.03;0.52;0.56
2023-10-13;EURCHF;-1;0;0.64;;0.02;0.56
2023-10-13;GBPNZD;-1;0;0.08;;0.56;0.56
2023-10-13;CADJPY;1;0;0.55;0.77;0.73;0.56
2023-10-13;EURAUD;1;0;0.19;0.84;0.13;0.56
2023-10-13;AUDCAD;-1;0;0.75;0.14;0.49;0.56
2023-10-13;GBPCAD;-1;0;0.58;0.77;0.01;0.56
2023-10-13;EURNZD;-1;0;0.14;;0.10;0.56
2023-10-20;AUDUSD;-1;0;0.81;0.03;0.37;0.63
2023-10-20;EURCHF;-1;0;0.48;;0.36;0.63
2023-10-20;GBPNZD;1;0;0.04;;0.60;0.63
2023-10-20;CADJPY;1;0;0.55;0.77;0.62;0.63
2023-10-20;EURAUD;1;0;0.52;0.84;0.18;0.63
2023-10-20;AUDCAD;-1;0;0.69;0.14;0.52;0.63
2023-10-20;GBPCAD;-1;0;0.70;0.77;0.07;0.63
2023-10-20;EURNZD;1;0;0.41;;0.22;0.63
2023-10-27;AUDUSD;-1;0;0.49;0.03;0.40;0.65
2023-10-27;EURCHF;-1;0;0.20;;0.26;0.65
2023-10-27;GBPNZD;1;0;0.05;;0.35;0.65
2023-10-27;CADJPY;1;0;0.11;0.77;0.61;0.65
2023-10-27;EURAUD;1;0;0.07;0.84;0.15;0.65
2023-10-27;AUDCAD;1;0;0.24;0.14;0.59;0.65
2023-10-27;GBPCAD;-1;0;0.19;0.77;0.10;0.65
2023-10-27;EURNZD;1;0;0.30;;0.21;0.65
2023-11-03;AUDUSD;-1;0;0.05;0.25;0.31;0.64
2023-11-03;EURCHF;1;0;0.08;;0.23;0.64
2023-11-03;GBPNZD;-1;0;0.48;;0.12;0.64
2023-11-03;CADJPY;1;0;0.43;0.68;0.60;0.64
2023-11-03;EURAUD;-1;0;0.55;0.62;0.20;0.64
2023-11-03;AUDCAD;1;0;0.33;0.23;0.61;0.64
2023-11-03;GBPCAD;1;0;0.32;0.67;0.07;0.64
2023-11-03;EURNZD;-1;0;0.32;;0.36;0.64
2023-11-10;AUDUSD;-1;0;0.17;0.25;0.51;0.59
2023-11-10;EURCHF;1;0;0.23;;0.51;0.59
2023-11-10;GBPNZD;-1;0;0.78;;0.06;0.59
2023-11-10;CADJPY;1;0;0.33;0.68;0.66;0.59
2023-11-10;EURAUD;1;0;0.29;0.62;0.17;0.59
2023-11-10;AUDCAD;1;0;0.28;0.23;0.60;0.59
2023-11-10;GBPCAD;1;0;0.47;0.67;0.11;0.59
2023-11-10;EURNZD;1;0;0.40;;0.49;0.59
2023-11-17;AUDUSD;-1;0;0.18;0.25;0.48;0.51
2023-11-17;EURCHF;1;0;0.45;;0.72;0.51
2023-11-17;GBPNZD;-1;0;0.70;;0.21;0.51
2023-11-17;CADJPY;1;0;0.27;0.68;0.34;0.51
2023-11-17;EURAUD;1;0;0.19;0.62;0.20;0.51
2023-11-17;AUDCAD;1;0;0.59;0.23;0.45;0.51
2023-11-17;GBPCAD;1;0;0.28;0.67;0.26;0.51
2023-11-17;EURNZD;1;0;0.01;;0.53;0.51
2023-11-24;AUDUSD;1;0;0.38;0.25;0.56;0.38
2023-11-24;EURCHF;1;0;0.37;;0.74;0.38
2023-11-24;GBPNZD;-1;0;0.69;;0.42;0.38
2023-11-24;CADJPY;1;0;0.40;0.68;0.56;0.38
2023-11-24;EURAUD;-1;0;0.39;0.62;0.39;0.38
2023-11-24;AUDCAD;1;0;0.60;0.23;0.35;0.38
2023-11-24;GBPCAD;1;0;0.04;0.67;0.37;0.38
2023-11-24;EURNZD;-1;0;0.41;;0.43;0.38
2023-12-01;AUDUSD;1;0;0.62;0.13;0.22;0.25
2023-12-01;EURCHF;-1;0;0.22;;0.79;0.25
2023-12-01;GBPNZD;-1;0;0.88;;0.14;0.25
2023-12-01;CADJPY;1;0;0.09;0.60;0.50;0.25
2023-12-01;EURAUD;-1;0;0.71;0.42;0.23;0.25
2023-12-01;AUDCAD;1;0;0.76;0.20;0.47;0.25
2023-12-01;GBPCAD;1;0;0.02;0.63;0.07;0.25
2023-12-01;EURNZD;-1;0;0.74;;0.45;0.25
2023-12-08;AUDUSD;1;0;0.33;0.13;0.24;0.20
2023-12-08;EURCHF;-1;0;0.32;;0.73;0.20
2023-12-08;GBPNZD;-1;0;0.73;;0.28;0.20
2023-12-08;CADJPY;-1;0;0.35;0.60;0.35;0.20
2023-12-08;EURAUD;-1;0;0.52;0.42;0.15;0.20
2023-12-08;AUDCAD;1;0;0.59;0.20;0.57;0.20
2023-12-08;GBPCAD;1;0;0.22;0.63;0.02;0.20
2023-12-08;EURNZD;-1;0;0.66;;0.18;0.20
2023-12-15;AUDUSD;1;0;0.54;0.13;0.30;0.15
2023-12-15;EURCHF;-1;0;0.44;;0.36;0.15
2023-12-15;GBPNZD;-1;0;0.59;;0.28;0.15
2023-12-15;CADJPY;-1;0;0.59;0.60;0.31;0.15
2023-12-15;EURAUD;-1;0;0.49;0.42;0.13;0.15
2023-12-15;AUDCAD;1;0;0.73;0.20;0.33;0.15
2023-12-15;GBPCAD;1;0;0.53;0.63;0.17;0.15
2023-12-15;EURNZD;-1;0;0.55;;0.12;0.15
2023-12-22;AUDUSD;1;0;0.73;0.13;0.46;0.16
2023-12-22;EURCHF;-1;0;0.77;;0.11;0.16
2023-12-22;GBPNZD;-1;0;0.32;;0.74;0.16
2023-12-22;CADJPY;-1;0;0.40;0.60;0.25;0.16
2023-12-22;EURAUD;-1;0;0.51;0.42;0.36;0.16
2023-12-22;AUDCAD;1;0;0.83;0.20;0.41;0.16
2023-12-22;GBPCAD;-1;0;0.59;0.63;0.01;0.16
2023-12-22;EURNZD;-1;0;0.34;;0.61;0.16
2023-12-29;AUDUSD;1;0;0.83;0.13;0.38;0.15
2023-12-29;EURCHF;-1;0;0.88;;0.37;0.15
2023-12-29;GBPNZD;-1;0;0.33;;0.46;0.15
2023-12-29;CADJPY;-1;0;0.43;0.60;0.28;0.15
2023-12-29;EURAUD;-1;0;0.45;0.42;0.23;0.15
2023-12-29;AUDCAD;1;0;0.79;0.20;0.22;0.15
2023-12-29;GBPCAD;-1;0;0.37;0.63;0.07;0.15
2023-12-29;EURNZD;-1;0;0.20;;0.38;0.15
2024-01-05;AUDUSD;1;0;0.70;0.34;0.59;0.17
2024-01-05;EURCHF;-1;0;0.86;;0.58;0.17
2024-01-05;GBPNZD;-1;0;0.10;;0.06;0.17
2024-01-05;CADJPY;-1;0;0.14;0.42;0.01;0.17
2024-01-05;EURAUD;-1;0;0.46;0.57;0.32;0.17
2024-01-05;AUDCAD;1;0;0.65;0.29;0.06;0.17
2024-01-05;GBPCAD;1;0;0.36;0.47;0.06;0.17
2024-01-05;EURNZD;-1;0;0.18;;0.19;0.17
2024-01-12;AUDUSD;1;0;0.76;0.34;0.75;0.18
2024-01-12;EURCHF;-1;0;0.55;;0.52;0.18
2024-01-12;GBPNZD;-1;0;0.25;;0.37;0.18
2024-01-12;CADJPY;-1;0;0.26;0.42;0.31;0.18
2024-01-12;EURAUD;-1;0;0.46;0.57;0.60;0.18
2024-01-12;AUDCAD;1;0;0.90;0.29;0.05;0.18
2024-01-12;GBPCAD;1;0;0.67;0.47;0.18;0.18
2024-01-12;EURNZD;-1;0;0.34;;0.06;0.18
2024-01-19;AUDUSD;1;0;0.60;0.34;0.58;0.21
2024-01-19;EURCHF;-1;0;0.07;;0.71;0.21
2024-01-19;GBPNZD;1;0;0.10;;0.47;0.21
2024-01-19;CADJPY;1;0;0.08;0.42;0.19;0.21
2024-01-19;EURAUD;-1;0;0.37;0.57;0.45;0.21
2024-01-19;AUDCAD;1;0;0.64;0.29;0.18;0.21
2024-01-19;GBPCAD;1;0;0.61;0.47;0.14;0.21
2024-01-19;EURNZD;-1;0;0.41;;0.01;0.21
2024-01-26;AUDUSD;1;0;0.56;0.34;0.46;0.22
2024-01-26;EURCHF;-1;0;0.63;;0.63;0.22
2024-01-26;GBPNZD;1;0;0.04;;0.21;0.22
2024-01-26;CADJPY;1;0;0.28;0.42;0.33;0.22
2024-01-26;EURAUD;-1;0;0.30;0.57;0.43;0.22
2024-01-26;AUDCAD;1;0;0.20;0.29;0.31;0.22
2024-01-26;GBPCAD;1;0;0.40;0.47;0.15;0.22
2024-01-26;EURNZD;-1;0;0.52;;0.40;0.22
2024-02-02;AUDUSD;-1;0;0.01;0.34;0.14;0.23
2024-02-02;EURCHF;-1;0;0.85;;0.71;0.23
2024-02-02;GBPNZD;1;0;0.23;;0.21;0.23
2024-02-02;CADJPY;1;0;0.17;0.35;0.48;0.23
2024-02-02;EURAUD;1;0;0.10;0.25;0.15;0.23
2024-02-02;AUDCAD;-1;0;0.45;0.37;0.56;0.23
2024-02-02;GBPCAD;1;0;0.12;0.14;0.12;0.23
2024-02-02;EURNZD;-1;0;0.19;;0.44;0.23
2024-02-09;AUDUSD;-1;0;0.35;0.34;0.28;0.25
2024-02-09;EURCHF;-1;0;0.69;;0.80;0.25
2024-02-09;GBPNZD;-1;0;0.36;;0.18;0.25
2024-02-09;CADJPY;1;0;0.11;0.35;0.53;0.25
2024-02-09;EURAUD;1;0;0.35;0.25;0.09;0.25
2024-02-09;AUDCAD;-1;0;0.08;0.37;0.81;0.25
2024-02-09;GBPCAD;1;0;0.19;0.14;0.15;0.25
2024-02-09;EURNZD;-1;0;0.72;;0.70;0.25
2024-02-16;AUDUSD;-1;0;0.08;0.34;0.17;0.26
2024-02-16;EURCHF;-1;0;0.65;;0.88;0.26
2024-02-16;GBPNZD;-1;0;0.24;;0.10;0.26
2024-02-16;CADJPY;1;0;0.49;0.35;0.50;0.26
2024-02-16;EURAUD;-1;0;0.35;0.25;0.22;0.26
2024-02-16;AUDCAD;-1;0;0.66;0.37;0.81;0.26
2024-02-16;GBPCAD;1;0;0.33;0.14;0.24;0.26
2024-02-16;EURNZD;-1;0;0.71;;0.85;0.26
2024-02-23;AUDUSD;1;0;0.10;0.34;0.02;0.30
2024-02-23;EURCHF;1;0;0.40;;0.81;0.30
2024-02-23;GBPNZD;-1;0;0.34;;0.41;0.30
2024-02-23;CADJPY;1;0;0.32;0.35;0.69;0.30
2024-02-23;EURAUD;-1;0;0.13;0.25;0.41;0.30
2024-02-23;AUDCAD;1;0;0.45;0.37;0.77;0.30
2024-02-23;GBPCAD;1;0;0.14;0.14;0.15;0.30
2024-02-23;EURNZD;-1;1;0.66;;0.92;0.30
2024-03-01;AUDUSD;-1;0;0.28;0.35;0.11;0.29
2024-03-01;EURCHF;1;0;0.53;;0.83;0.29
2024-03-01;GBPNZD;1;0;0.32;;0.69;0.29
2024-03-01;CADJPY;1;0;0.31;0.41;0.70;0.29
2024-03-01;EURAUD;1;0;0.44;0.58;0.39;0.29
2024-03-01;AUDCAD;-1;0;0.41;0.40;0.79;0.29
2024-03-01;GBPCAD;1;0;0.09;0.16;0.19;0.29
2024-03-01;EURNZD;-1;1;0.29;;0.97;0.29
2024-03-08;AUDUSD;1;0;0.23;0.35;0.33;0.34
2024-03-08;EURCHF;1;0;0.57;;0.69;0.34
2024-03-08;GBPNZD;1;0;0.38;;0.56;0.34
2024-03-08;CADJPY;1;0;0.24;0.41;0.44;0.34
2024-03-08;EURAUD;-1;0;0.20;0.58;0.19;0.34
2024-03-08;AUDCAD;1;0;0.08;0.40;0.67;0.34
2024-03-08;GBPCAD;1;0;0.46;0.16;0.09;0.34
2024-03-08;EURNZD;-1;0;0.22;;0.88;0.34
2024-03-15;AUDUSD;1;0;0.43;0.35;0.65;0.33
2024-03-15;EURCHF;1;0;0.59;;0.41;0.33
2024-03-15;GBPNZD;1;0;0.70;;0.33;0.33
2024-03-15;CADJPY;1;0;0.59;0.41;0.27;0.33
2024-03-15;EURAUD;1;0;0.51;0.58;0.30;0.33
2024-03-15;AUDCAD;1;0;0.31;0.40;0.65;0.33
2024-03-15;GBPCAD;1;0;0.58;0.16;0.24;0.33
2024-03-15;EURNZD;1;0;0.44;;0.69;0.33
2024-03-22;AUDUSD;-1;0;0.78;0.35;0.64;0.28
2024-03-22;EURCHF;1;0;0.83;;0.32;0.28
2024-03-22;GBPNZD;1;0;0.88;;0.16;0.28
2024-03-22;CADJPY;1;0;0.61;0.41;0.35;0.28
2024-03-22;EURAUD;1;0;0.69;0.58;0.26;0.28
2024-03-22;AUDCAD;-1;0;0.55;0.40;0.63;0.28
2024-03-22;GBPCAD;1;0;0.65;0.16;0.24;0.28
2024-03-22;EURNZD;1;0;0.78;;0.42;0.28
2024-03-29;AUDUSD;-1;0;0.63;0.35;0.65;0.27
2024-03-29;EURCHF;1;1;0.96;;0.39;0.27
2024-03-29;GBPNZD;1;0;0.87;;0.29;0.27
2024-03-29;CADJPY;1;0;0.72;0.41;0.17;0.27
2024-03-29;EURAUD;1;0;0.57;0.58;0.13;0.27
2024-03-29;AUDCAD;-1;0;0.58;0.40;0.21;0.27
2024-03-29;GBPCAD;1;0;0.47;0.16;0.47;0.27
2024-03-29;EURNZD;1;0;0.75;;0.25;0.27
2024-04-05;AUDUSD;-1;0;0.35;0.35;0.74;0.31
2024-04-05;EURCHF;1;1;0.95;;0.07;0.31
2024-04-05;GBPNZD;1;0;0.70;;0.53;0.31
2024-04-05;CADJPY;1;0;0.53;0.45;0.00;0.31
2024-04-05;EURAUD;-1;0;0.15;0.59;0.20;0.31
2024-04-05;AUDCAD;1;0;0.05;0.46;0.10;0.31
2024-04-05;GBPCAD;1;0;0.28;0.23;0.69;0.31
2024-04-05;EURNZD;1;0;0.64;;0.08;0.31
2024-04-12;AUDUSD;-1;0;0.28;0.35;0.81;0.36
2024-04-12;EURCHF;1;0;0.78;;0.62;0.36
2024-04-12;GBPNZD;1;0;0.25;;0.51;0.36
2024-04-12;CADJPY;1;0;0.36;0.45;0.04;0.36
2024-04-12;EURAUD;-1;0;0.20;0.59;0.54;0.36
2024-04-12;AUDCAD;1;0;0.18;0.46;0.01;0.36
2024-04-12;GBPCAD;1;0;0.01;0.23;0.68;0.36
2024-04-12;EURNZD;1;0;0.18;;0.19;0.36
2024-04-19;AUDUSD;-1;0;0.51;0.35;0.62;0.45
2024-04-19;EURCHF;1;0;0.80;;0.72;0.45
2024-04-19;GBPNZD;1;0;0.41;;0.07;0.45
2024-04-19;CADJPY;1;0;0.62;0.45;0.10;0.45
2024-04-19;EURAUD;1;0;0.22;0.59;0.09;0.45
2024-04-19;AUDCAD;-1;0;0.19;0.46;0.35;0.45
2024-04-19;GBPCAD;-1;0;0.24;0.23;0.39;0.45
2024-04-19;EURNZD;1;0;0.60;;0.02;0.45
2024-04-26;AUDUSD;-1;0;0.13;0.35;0.33;0.49
2024-04-26;EURCHF;1;1;0.95;;0.73;0.49
2024-04-26;GBPNZD;1;0;0.38;;0.34;0.49
2024-04-26;CADJPY;1;0;0.90;0.45;0.12;0.49
2024-04-26;EURAUD;-1;0;0.39;0.59;0.34;0.49
2024-04-26;AUDCAD;1;0;0.53;0.46;0.58;0.49
2024-04-26;GBPCAD;-1;0;0.08;0.23;0.02;0.49
2024-04-26;EURNZD;1;0;0.51;;0.05;0.49
2024-05-03;AUDUSD;1;0;0.39;0.15;0.08;0.48
2024-05-03;EURCHF;1;0;0.84;;0.75;0.48
2024-05-03;GBPNZD;1;0;0.19;;0.47;0.48
2024-05-03;CADJPY;1;0;0.17;0.46;0.32;0.48
2024-05-03;EURAUD;-1;0;0.61;0.30;0.52;0.48
2024-05-03;AUDCAD;1;1;0.90;0.24;0.70;0.48
2024-05-03;GBPCAD;1;0;0.38;0.28;0.06;0.48
2024-05-03;EURNZD;1;0;0.36;;0.03;0.48
2024-05-10;AUDUSD;1;0;0.32;0.15;0.44;0.44
2024-05-10;EURCHF;1;0;0.79;;0.81;0.44
2024-05-10;GBPNZD;1;0;0.31;;0.13;0.44
2024-05-10;CADJPY;1;0;0.50;0.46;0.40;0.44
2024-05-10;EURAUD;-1;0;0.49;0.30;0.69;0.44
2024-05-10;AUDCAD;1;0;0.78;0.24;0.85;0.44
2024-05-10;GBPCAD;1;0;0.33;0.28;0.00;0.44
2024-05-10;EURNZD;1;0;0.51;;0.34;0.44
2024-05-17;AUDUSD;1;0;0.40;0.15;0.07;0.31
2024-05-17;EURCHF;1;0;0.85;;0.87;0.31
2024-05-17;GBPNZD;-1;0;0.41;;0.16;0.31
2024-05-17;CADJPY;1;0;0.52;0.46;0.63;0.31
2024-05-17;EURAUD;-1;0;0.50;0.30;0.29;0.31
2024-05-17;AUDCAD;1;0;0.79;0.24;0.81;0.31
2024-05-17;GBPCAD;1;0;0.42;0.28;0.04;0.31
2024-05-17;EURNZD;-1;0;0.48;;0.54;0.31
2024-05-24;AUDUSD;1;0;0.34;0.15;0.55;0.20
2024-05-24;EURCHF;1;0;0.87;;0.79;0.20
2024-05-24;GBPNZD;1;0;0.18;;0.10;0.20
2024-05-24;CADJPY;1;0;0.68;0.46;0.68;0.20
2024-05-24;EURAUD;-1;0;0.51;0.30;0.63;0.20
2024-05-24;AUDCAD;1;1;0.75;0.24;0.97;0.20
2024-05-24;GBPCAD;1;0;0.60;0.28;0.46;0.20
2024-05-24;EURNZD;-1;0;0.01;;0.36;0.20
2024-05-31;AUDUSD;1;0;0.11;0.15;0.60;0.16
2024-05-31;EURCHF;1;0;0.60;;0.82;0.16
2024-05-31;GBPNZD;-1;0;0.05;;0.12;0.16
2024-05-31;CADJPY;1;0;0.80;0.46;0.62;0.16
2024-05-31;EURAUD;-1;0;0.50;0.30;0.58;0.16
2024-05-31;AUDCAD;1;1;0.57;0.24;0.94;0.16
2024-05-31;GBPCAD;1;0;0.38;0.28;0.55;0.16
2024-05-31;EURNZD;-1;0;0.11;;0.39;0.16
2024-06-07;AUDUSD;1;0;0.01;0.03;0.52;0.15
2024-06-07;EURCHF;1;0;0.18;;0.79;0.15
2024-06-07;GBPNZD;-1;0;0.06;;0.27;0.15
2024-06-07;CADJPY;1;0;0.68;0.66;0.46;0.15
2024-06-07;EURAUD;-1;0;0.32;0.59;0.47;0.15
2024-06-07;AUDCAD;1;0;0.57;0.36;0.80;0.15
2024-06-07;GBPCAD;1;0;0.61;0.54;0.40;0.15
2024-06-07;EURNZD;-1;0;0.17;;0.04;0.15
2024-06-14;AUDUSD;1;0;0.17;0.03;0.45;0.14
2024-06-14;EURCHF;-1;0;0.64;;0.66;0.14
2024-06-14;GBPNZD;-1;0;0.53;;0.48;0.14
2024-06-14;CADJPY;1;0;0.46;0.66;0.39;0.14
2024-06-14;EURAUD;-1;0;0.75;0.59;0.59;0.14
2024-06-14;AUDCAD;1;0;0.64;0.36;0.82;0.14
2024-06-14;GBPCAD;1;0;0.60;0.54;0.56;0.14
2024-06-14;EURNZD;-1;0;0.88;;0.37;0.14
2024-06-21;AUDUSD;1;0;0.35;0.03;0.83;0.16
2024-06-21;EURCHF;-1;0;0.64;;0.37;0.16
2024-06-21;GBPNZD;-1;0;0.63;;0.77;0.16
2024-06-21;CADJPY;1;0;0.77;0.66;0.40;0.16
2024-06-21;EURAUD;-1;0;0.86;0.59;0.90;0.16
2024-06-21;AUDCAD;1;1;0.71;0.36;0.97;0.16
2024-06-21;GBPCAD;1;0;0.37;0.54;0.62;0.16
2024-06-21;EURNZD;-1;0;0.88;;0.77;0.16
2024-06-28;AUDUSD;1;1;0.37;0.03;0.94;0.14
2024-06-28;EURCHF;-1;0;0.45;;0.39;0.14
2024-06-28;GBPNZD;-1;0;0.52;;0.90;0.14
2024-06-28;CADJPY;1;0;0.80;0.66;0.24;0.14
2024-06-28;EURAUD;-1;1;0.82;0.59;0.97;0.14
2024-06-28;AUDCAD;1;1;0.82;0.36;0.97;0.14
2024-06-28;GBPCAD;1;0;0.50;0.54;0.61;0.14
2024-06-28;EURNZD;-1;1;0.79;;0.93;0.14
2024-07-05;AUDUSD;1;1;0.40;0.03;0.95;0.12
2024-07-05;EURCHF;1;0;0.25;;0.69;0.12
2024-07-05;GBPNZD;1;0;0.11;;0.88;0.12
2024-07-05;CADJPY;1;0;0.88;0.69;0.35;0.12
2024-07-05;EURAUD;-1;1;0.67;0.59;0.97;0.12
2024-07-05;AUDCAD;1;1;0.63;0.58;0.99;0.12
2024-07-05;GBPCAD;1;0;0.56;0.72;0.78;0.12
2024-07-05;EURNZD;-1;1;0.54;;0.94;0.12
2024-07-12;AUDUSD;1;2;0.92;0.03;0.98;0.13
2024-07-12;EURCHF;1;0;0.15;;0.45;0.13
2024-07-12;GBPNZD;1;0;0.14;;0.82;0.13
2024-07-12;CADJPY;1;0;0.63;0.69;0.37;0.13
2024-07-12;EURAUD;-1;2;0.93;0.59;0.98;0.13
2024-07-12;AUDCAD;1;2;0.98;0.58;0.99;0.13
2024-07-12;GBPCAD;1;0;0.84;0.72;0.89;0.13
2024-07-12;EURNZD;1;1;0.49;;0.98;0.13
2024-07-19;AUDUSD;1;1;0.68;0.03;0.98;0.19
2024-07-19;EURCHF;-1;0;0.23;;0.58;0.19
2024-07-19;GBPNZD;1;0;0.73;;0.12;0.19
2024-07-19;CADJPY;1;0;0.23;0.69;0.36;0.19
2024-07-19;EURAUD;-1;1;0.55;0.59;0.97;0.19
2024-07-19;AUDCAD;1;2;0.93;0.58;0.99;0.19
2024-07-19;GBPCAD;1;2;0.96;0.72;0.96;0.19
2024-07-19;EURNZD;1;0;0.12;;0.71;0.19
2024-07-26;AUDUSD;-1;1;0.24;0.03;0.94;0.30
2024-07-26;EURCHF;-1;0;0.63;;0.38;0.30
2024-07-26;GBPNZD;1;0;0.81;;0.69;0.30
2024-07-26;CADJPY;-1;0;0.51;0.69;0.75;0.30
2024-07-26;EURAUD;1;0;0.21;0.59;0.88;0.30
2024-07-26;AUDCAD;1;1;0.50;0.58;0.97;0.30
2024-07-26;GBPCAD;1;2;0.94;0.72;0.98;0.30
2024-07-26;EURNZD;1;0;0.60;;0.48;0.30
2024-08-02;AUDUSD;-1;0;0.32;0.03;0.79;0.45
2024-08-02;EURCHF;-1;0;0.85;;0.10;0.45
2024-08-02;GBPNZD;1;1;0.75;;0.91;0.45
2024-08-02;CADJPY;-1;0;0.80;0.82;0.84;0.45
2024-08-02;EURAUD;1;0;0.82;0.59;0.71;0.45
2024-08-02;AUDCAD;1;1;0.09;0.76;0.94;0.45
2024-08-02;GBPCAD;1;2;0.90;0.65;0.98;0.45
2024-08-02;EURNZD;1;0;0.58;;0.10;0.45
2024-08-09;AUDUSD;-1;0;0.16;0.03;0.49;0.68
2024-08-09;EURCHF;-1;0;0.82;;0.37;0.68
2024-08-09;GBPNZD;1;0;0.53;;0.84;0.68
2024-08-09;CADJPY;-1;0;0.84;0.82;0.90;0.68
2024-08-09;EURAUD;1;0;0.52;0.59;0.27;0.68
2024-08-09;AUDCAD;-1;0;0.04;0.76;0.76;0.68
2024-08-09;GBPCAD;1;1;0.67;0.65;0.96;0.68
2024-08-09;EURNZD;1;0;0.35;;0.18;0.68
2024-08-16;AUDUSD;1;0;0.07;0.03;0.68;0.70
2024-08-16;EURCHF;-1;0;0.75;;0.49;0.70
2024-08-16;GBPNZD;1;0;0.66;;0.73;0.70
2024-08-16;CADJPY;-1;1;0.72;0.82;0.93;0.70
2024-08-16;EURAUD;1;0;0.48;0.59;0.62;0.70
2024-08-16;AUDCAD;1;0;0.06;0.76;0.80;0.70
2024-08-16;GBPCAD;1;1;0.68;0.65;0.93;0.70
2024-08-16;EURNZD;1;0;0.55;;0.13;0.70
2024-08-23;AUDUSD;1;0;0.54;0.03;0.40;0.69
2024-08-23;EURCHF;-1;0;0.82;;0.17;0.69
2024-08-23;GBPNZD;1;0;0.58;;0.85;0.69
2024-08-23;CADJPY;-1;1;0.79;0.82;0.93;0.69
2024-08-23;EURAUD;1;0;0.28;0.59;0.29;0.69
2024-08-23;AUDCAD;1;0;0.30;0.76;0.56;0.69
2024-08-23;GBPCAD;1;1;0.76;0.65;0.90;0.69
2024-08-23;EURNZD;1;0;0.44;;0.45;0.69
2024-08-30;AUDUSD;1;0;0.46;0.03;0.70;0.66
2024-08-30;EURCHF;-1;0;0.73;;0.23;0.66
2024-08-30;GBPNZD;-1;0;0.51;;0.77;0.66
2024-08-30;CADJPY;-1;0;0.71;0.82;0.88;0.66
2024-08-30;EURAUD;-1;0;0.01;0.59;0.55;0.66
2024-08-30;AUDCAD;1;0;0.09;0.76;0.54;0.66
2024-08-30;GBPCAD;1;0;0.44;0.65;0.71;0.66
2024-08-30;EURNZD;-1;0;0.18;;0.47;0.66
2024-09-06;AUDUSD;1;0;0.32;0.58;0.79;0.54
2024-09-06;EURCHF;-1;0;0.70;;0.46;0.54
2024-09-06;GBPNZD;1;0;0.62;;0.72;0.54
2024-09-06;CADJPY;-1;0;0.89;0.85;0.81;0.54
2024-09-06;EURAUD;1;0;0.55;0.83;0.73;0.54
2024-09-06;AUDCAD;-1;0;0.10;0.84;0.37;0.54
2024-09-06;GBPCAD;1;0;0.55;0.78;0.40;0.54
2024-09-06;EURNZD;1;0;0.58;;0.39;0.54
2024-09-13;AUDUSD;1;0;0.27;0.58;0.81;0.56
2024-09-13;EURCHF;-1;0;0.26;;0.49;0.56
2024-09-13;GBPNZD;1;0;0.73;;0.73;0.56
2024-09-13;CADJPY;-1;1;0.94;0.85;0.78;0.56
2024-09-13;EURAUD;1;0;0.63;0.83;0.74;0.56
2024-09-13;AUDCAD;1;0;0.06;0.84;0.24;0.56
2024-09-13;GBPCAD;1;0;0.74;0.78;0.01;0.56
2024-09-13;EURNZD;1;0;0.61;;0.59;0.56
2024-09-20;AUDUSD;1;0;0.59;0.58;0.02;0.58
2024-09-20;EURCHF;-1;0;0.29;;0.22;0.58
2024-09-20;GBPNZD;1;0;0.68;;0.84;0.58
2024-09-20;CADJPY;-1;2;0.93;0.85;0.90;0.58
2024-09-20;EURAUD;1;0;0.56;0.83;0.42;0.58
2024-09-20;AUDCAD;1;0;0.43;0.84;0.34;0.58
2024-09-20;GBPCAD;1;1;0.93;0.78;0.24;0.58
2024-09-20;EURNZD;1;0;0.43;;0.84;0.58
2024-09-27;AUDUSD;1;0;0.65;0.58;0.32;0.57
2024-09-27;EURCHF;-1;0;0.76;;0.12;0.57
2024-09-27;GBPNZD;1;1;0.31;;0.94;0.57
2024-09-27;CADJPY;-1;2;0.96;0.85;0.93;0.57
2024-09-27;EURAUD;-1;0;0.10;0.83;0.25;0.57
2024-09-27;AUDCAD;1;0;0.55;0.84;0.17;0.57
2024-09-27;GBPCAD;1;1;0.90;0.78;0.01;0.57
2024-09-27;EURNZD;-1;1;0.08;;0.91;0.57
2024-10-04;AUDUSD;1;0;0.08;0.58;0.67;0.55
2024-10-04;EURCHF;-1;0;0.73;;0.03;0.55
2024-10-04;GBPNZD;1;0;0.20;;0.89;0.55
2024-10-04;CADJPY;-1;1;0.70;0.88;0.92;0.55
2024-10-04;EURAUD;-1;1;0.11;0.93;0.26;0.55
2024-10-04;AUDCAD;1;0;0.00;0.90;0.05;0.55
2024-10-04;GBPCAD;1;0;0.37;0.83;0.27;0.55
2024-10-04;EURNZD;-1;0;0.03;;0.89;0.55
2024-10-11;AUDUSD;1;0;0.12;0.58;0.66;0.62
2024-10-11;EURCHF;-1;0;0.69;;0.42;0.62
2024-10-11;GBPNZD;1;0;0.01;;0.77;0.62
2024-10-11;CADJPY;-1;1;0.64;0.88;0.91;0.62
2024-10-11;EURAUD;-1;1;0.04;0.93;0.47;0.62
2024-10-11;AUDCAD;1;0;0.29;0.90;0.31;0.62
2024-10-11;GBPCAD;1;0;0.41;0.83;0.19;0.62
2024-10-11;EURNZD;1;0;0.09;;0.82;0.62
2024-10-18;AUDUSD;1;0;0.34;0.58;0.23;0.64
2024-10-18;EURCHF;-1;0;0.55;;0.54;0.64
2024-10-18;GBPNZD;1;0;0.32;;0.24;0.64
2024-10-18;CADJPY;-1;0;0.33;0.88;0.87;0.64
2024-10-18;EURAUD;-1;1;0.40;0.93;0.31;0.64
2024-10-18;AUDCAD;1;0;0.45;0.90;0.02;0.64
2024-10-18;GBPCAD;1;0;0.28;0.83;0.53;0.64
2024-10-18;EURNZD;1;0;0.39;;0.46;0.64
2024-10-25;AUDUSD;-1;0;0.28;0.58;0.74;0.68
2024-10-25;EURCHF;-1;0;0.45;;0.47;0.68
2024-10-25;GBPNZD;1;0;0.09;;0.27;0.68
2024-10-25;CADJPY;-1;0;0.06;0.88;0.72;0.68
2024-10-25;EURAUD;-1;1;0.36;0.93;0.87;0.68
2024-10-25;AUDCAD;1;0;0.48;0.90;0.34;0.68
2024-10-25;GBPCAD;1;0;0.48;0.83;0.63;0.68
2024-10-25;EURNZD;1;0;0.19;;0.04;0.68
2024-11-01;AUDUSD;-1;0;0.10;0.77;0.89;0.71
2024-11-01;EURCHF;-1;0;0.04;;0.37;0.71
2024-11-01;GBPNZD;1;0;0.68;;0.54;0.71
2024-11-01;CADJPY;-1;1;0.32;0.93;0.21;0.71
2024-11-01;EURAUD;1;2;0.30;0.93;0.96;0.71
2024-11-01;AUDCAD;1;1;0.47;0.96;0.66;0.71
2024-11-01;GBPCAD;1;0;0.79;0.89;0.48;0.71
2024-11-01;EURNZD;1;0;0.03;;0.50;0.71
2024-11-08;AUDUSD;-1;1;0.13;0.77;0.95;0.66
2024-11-08;EURCHF;-1;0;0.47;;0.06;0.66
2024-11-08;GBPNZD;1;0;0.44;;0.51;0.66
2024-11-08;CADJPY;-1;1;0.29;0.93;0.44;0.66
2024-11-08;EURAUD;-1;2;0.55;0.93;0.97;0.66
2024-11-08;AUDCAD;-1;1;0.23;0.96;0.84;0.66
2024-11-08;GBPCAD;1;0;0.56;0.89;0.43;0.66
2024-11-08;EURNZD;1;0;0.45;;0.39;0.66
2024-11-15;AUDUSD;-1;1;0.70;0.77;0.96;0.60
2024-11-15;EURCHF;-1;0;0.51;;0.20;0.60
2024-11-15;GBPNZD;1;0;0.47;;0.06;0.60
2024-11-15;CADJPY;1;1;0.36;0.93;0.72;0.60
2024-11-15;EURAUD;-1;2;0.23;0.93;0.97;0.60
2024-11-15;AUDCAD;-1;1;0.28;0.96;0.86;0.60
2024-11-15;GBPCAD;-1;0;0.03;0.89;0.03;0.60
2024-11-15;EURNZD;1;0;0.11;;0.24;0.60
2024-11-22;AUDUSD;-1;1;0.71;0.77;0.95;0.54
2024-11-22;EURCHF;-1;0;0.39;;0.39;0.54
2024-11-22;GBPNZD;1;0;0.36;;0.17;0.54
2024-11-22;CADJPY;1;1;0.40;0.93;0.59;0.54
2024-11-22;EURAUD;-1;2;0.65;0.93;0.98;0.54
2024-11-22;AUDCAD;-1;1;0.11;0.96;0.88;0.54
2024-11-22;GBPCAD;-1;0;0.45;0.89;0.31;0.54
2024-11-22;EURNZD;-1;0;0.06;;0.23;0.54
2024-11-29;AUDUSD;-1;0;0.59;0.77;0.84;0.43
2024-11-29;EURCHF;-1;0;0.30;;0.50;0.43
2024-11-29;GBPNZD;1;0;0.43;;0.15;0.43
2024-11-29;CADJPY;-1;1;0.04;0.93;0.18;0.43
2024-11-29;EURAUD;-1;2;0.36;0.93;0.97;0.43
2024-11-29;AUDCAD;-1;1;0.10;0.96;0.85;0.43
2024-11-29;GBPCAD;-1;0;0.08;0.89;0.38;0.43
2024-11-29;EURNZD;-1;0;0.02;;0.08;0.43
2024-12-06;AUDUSD;-1;0;0.67;0.89;0.65;0.35
2024-12-06;EURCHF;-1;0;0.19;;0.33;0.35
2024-12-06;GBPNZD;1;0;0.76;;0.04;0.35
2024-12-06;CADJPY;-1;1;0.17;0.93;0.30;0.35
2024-12-06;EURAUD;1;2;0.03;0.93;0.93;0.35
2024-12-06;AUDCAD;-1;1;0.09;0.97;0.85;0.35
2024-12-06;GBPCAD;1;0;0.34;0.89;0.25;0.35
2024-12-06;EURNZD;1;0;0.28;;0.17;0.35
2024-12-13;AUDUSD;-1;0;0.81;0.89;0.45;0.33
2024-12-13;EURCHF;-1;0;0.14;;0.66;0.33
2024-12-13;GBPNZD;1;0;0.73;;0.03;0.33
2024-12-13;CADJPY;-1;1;0.42;0.93;0.32;0.33
2024-12-13;EURAUD;1;1;0.06;0.93;0.88;0.33
2024-12-13;AUDCAD;-1;1;0.35;0.97;0.68;0.33
2024-12-13;GBPCAD;1;0;0.14;0.89;0.25;0.33
2024-12-13;EURNZD;1;0;0.32;;0.05;0.33
2024-12-20;AUDUSD;-1;1;0.97;0.89;0.57;0.41
2024-12-20;EURCHF;-1;0;0.48;;0.82;0.41
2024-12-20;GBPNZD;1;1;0.90;;0.67;0.41
2024-12-20;CADJPY;1;1;0.22;0.93;0.42;0.41
2024-12-20;EURAUD;1;1;0.56;0.93;0.45;0.41
2024-12-20;AUDCAD;-1;1;0.65;0.97;0.08;0.41
2024-12-20;GBPCAD;1;0;0.08;0.89;0.29;0.41
2024-12-20;EURNZD;1;0;0.84;;0.60;0.41
2024-12-27;AUDUSD;-1;2;0.99;0.89;0.91;0.43
2024-12-27;EURCHF;1;0;0.04;;0.75;0.43
2024-12-27;GBPNZD;1;1;0.96;;0.61;0.43
2024-12-27;CADJPY;1;1;0.38;0.93;0.28;0.43
2024-12-27;EURAUD;1;1;0.84;0.93;0.46;0.43
2024-12-27;AUDCAD;-1;2;0.90;0.97;0.30;0.43
2024-12-27;GBPCAD;1;0;0.07;0.89;0.15;0.43
2024-12-27;EURNZD;1;1;0.96;;0.63;0.43
2025-01-03;AUDUSD;-1;2;0.98;0.89;0.98;0.48
2025-01-03;EURCHF;-1;0;0.23;;0.73;0.48
2025-01-03;GBPNZD;1;0;0.82;;0.68;0.48
2025-01-03;CADJPY;1;1;0.09;0.95;0.41;0.48
2025-01-03;EURAUD;1;1;0.58;0.93;0.84;0.48
2025-01-03;AUDCAD;-1;1;0.67;0.97;0.71;0.48
2025-01-03;GBPCAD;1;1;0.22;0.95;0.27;0.48
2025-01-03;EURNZD;1;0;0.71;;0.74;0.48
2025-01-10;AUDUSD;-1;2;0.98;0.89;0.99;0.55
2025-01-10;EURCHF;1;0;0.04;;0.46;0.55
2025-01-10;GBPNZD;1;0;0.69;;0.68;0.55
2025-01-10;CADJPY;1;1;0.10;0.95;0.46;0.55
2025-01-10;EURAUD;1;2;0.60;0.93;0.93;0.55
2025-01-10;AUDCAD;-1;3;0.93;0.97;0.91;0.55
2025-01-10;GBPCAD;-1;1;0.45;0.95;0.53;0.55
2025-01-10;EURNZD;1;0;0.72;;0.81;0.55
2025-01-17;AUDUSD;-1;2;0.92;0.89;0.98;0.55
2025-01-17;EURCHF;1;0;0.18;;0.50;0.55
2025-01-17;GBPNZD;1;0;0.32;;0.53;0.55
2025-01-17;CADJPY;1;1;0.03;0.95;0.57;0.55
2025-01-17;EURAUD;1;2;0.44;0.93;0.94;0.55
2025-01-17;AUDCAD;-1;2;0.77;0.97;0.92;0.55
2025-01-17;GBPCAD;-1;1;0.49;0.95;0.72;0.55
2025-01-17;EURNZD;1;0;0.64;;0.79;0.55
2025-01-24;AUDUSD;-1;1;0.73;0.89;0.98;0.51
2025-01-24;EURCHF;1;0;0.59;;0.36;0.51
2025-01-24;GBPNZD;1;0;0.24;;0.49;0.51
2025-01-24;CADJPY;1;1;0.13;0.95;0.36;0.51
2025-01-24;EURAUD;1;2;0.43;0.93;0.97;0.51
2025-01-24;AUDCAD;-1;2;0.40;0.97;0.96;0.51
2025-01-24;GBPCAD;1;1;0.14;0.95;0.85;0.51
2025-01-24;EURNZD;1;0;0.53;;0.85;0.51
2025-01-31;AUDUSD;-1;1;0.81;0.89;0.98;0.51
2025-01-31;EURCHF;1;0;0.04;;0.12;0.51
2025-01-31;GBPNZD;1;0;0.37;;0.34;0.51
2025-01-31;CADJPY;-1;1;0.35;0.95;0.13;0.51
2025-01-31;EURAUD;1;2;0.23;0.93;0.98;0.51
2025-01-31;AUDCAD;-1;2;0.45;0.97;0.99;0.51
2025-01-31;GBPCAD;1;2;0.07;0.95;0.92;0.51
2025-01-31;EURNZD;1;0;0.32;;0.84;0.51
2025-02-07;AUDUSD;-1;1;0.78;0.83;0.99;0.48
2025-02-07;EURCHF;1;0;0.09;;0.14;0.48
2025-02-07;GBPNZD;1;0;0.35;;0.47;0.48
2025-02-07;CADJPY;-1;1;0.47;0.96;0.52;0.48
2025-02-07;EURAUD;1;2;0.29;0.95;0.97;0.48
2025-02-07;AUDCAD;-1;2;0.63;0.97;0.99;0.48
2025-02-07;GBPCAD;-1;1;0.28;0.95;0.78;0.48
2025-02-07;EURNZD;1;0;0.53;;0.73;0.48
2025-02-14;AUDUSD;-1;1;0.47;0.83;0.98;0.45
2025-02-14;EURCHF;1;0;0.26;;0.52;0.45
2025-02-14;GBPNZD;1;0;0.58;;0.30;0.45
2025-02-14;CADJPY;-1;1;0.36;0.96;0.75;0.45
2025-02-14;EURAUD;1;2;0.34;0.95;0.95;0.45
2025-02-14;AUDCAD;-1;2;0.37;0.97;0.98;0.45
2025-02-14;GBPCAD;-1;1;0.14;0.95;0.83;0.45
2025-02-14;EURNZD;1;0;0.50;;0.62;0.45
2025-02-21;AUDUSD;-1;1;0.38;0.83;0.97;0.47
2025-02-21;EURCHF;1;0;0.41;;0.35;0.47
2025-02-21;GBPNZD;1;0;0.60;;0.39;0.47
2025-02-21;CADJPY;-1;1;0.59;0.96;0.70;0.47
2025-02-21;EURAUD;-1;2;0.61;0.95;0.96;0.47
2025-02-21;AUDCAD;-1;2;0.12;0.97;0.97;0.47
2025-02-21;GBPCAD;1;1;0.57;0.95;0.70;0.47
2025-02-21;EURNZD;1;0;0.52;;0.65;0.47
2025-02-28;AUDUSD;-1;1;0.69;0.83;0.95;0.52
2025-02-28;EURCHF;1;0;0.35;;0.04;0.52
2025-02-28;GBPNZD;1;0;0.85;;0.52;0.52
2025-02-28;CADJPY;-1;1;0.22;0.96;0.71;0.52
2025-02-28;EURAUD;1;2;0.77;0.95;0.96;0.52
2025-02-28;AUDCAD;-1;2;0.42;0.97;0.93;0.52
2025-02-28;GBPCAD;1;1;0.50;0.95;0.34;0.52
2025-02-28;EURNZD;1;0;0.88;;0.67;0.52
2025-03-07;AUDUSD;-1;1;0.50;0.37;0.91;0.63
2025-03-07;EURCHF;1;0;0.73;;0.14;0.63
2025-03-07;GBPNZD;1;0;0.79;;0.64;0.63
2025-03-07;CADJPY;-1;1;0.57;0.95;0.67;0.63
2025-03-07;EURAUD;1;3;0.97;0.92;0.95;0.63
2025-03-07;AUDCAD;1;1;0.22;0.94;0.89;0.63
2025-03-07;GBPCAD;1;1;0.62;0.94;0.20;0.63
2025-03-07;EURNZD;1;1;0.98;;0.68;0.63
2025-03-14;AUDUSD;-1;0;0.19;0.37;0.77;0.74
2025-03-14;EURCHF;1;0;0.68;;0.69;0.74
2025-03-14;GBPNZD;1;0;0.59;;0.49;0.74
2025-03-14;CADJPY;-1;1;0.59;0.95;0.46;0.74
2025-03-14;EURAUD;1;1;0.89;0.92;0.89;0.74
2025-03-14;AUDCAD;1;1;0.06;0.94;0.64;0.74
2025-03-14;GBPCAD;1;1;0.58;0.94;0.02;0.74
2025-03-14;EURNZD;1;0;0.85;;0.60;0.74
2025-03-21;AUDUSD;-1;0;0.10;0.37;0.15;0.78
2025-03-21;EURCHF;1;1;0.60;;0.96;0.78
2025-03-21;GBPNZD;1;0;0.34;;0.00;0.78
2025-03-21;CADJPY;-1;1;0.65;0.95;0.76;0.78
2025-03-21;EURAUD;1;1;0.80;0.92;0.80;0.78
2025-03-21;AUDCAD;-1;1;0.04;0.94;0.04;0.78
2025-03-21;GBPCAD;1;1;0.60;0.94;0.23;0.78
2025-03-21;EURNZD;1;0;0.59;;0.35;0.78
2025-03-28;AUDUSD;-1;0;0.36;0.37;0.20;0.76
2025-03-28;EURCHF;1;0;0.50;;0.89;0.76
2025-03-28;GBPNZD;1;0;0.22;;0.28;0.76
2025-03-28;CADJPY;-1;1;0.49;0.95;0.73;0.76
2025-03-28;EURAUD;1;1;0.67;0.92;0.81;0.76
2025-03-28;AUDCAD;-1;1;0.33;0.94;0.24;0.76
2025-03-28;GBPCAD;1;1;0.53;0.94;0.26;0.76
2025-03-28;EURNZD;1;0;0.54;;0.39;0.76
2025-04-04;AUDUSD;-1;0;0.47;0.38;0.11;0.81
2025-04-04;EURCHF;-1;0;0.08;;0.88;0.81
2025-04-04;GBPNZD;1;0;0.85;;0.23;0.81
2025-04-04;CADJPY;-1;1;0.74;0.94;0.76;0.81
2025-04-04;EURAUD;1;2;1.00;0.92;0.75;0.81
2025-04-04;AUDCAD;-1;1;0.82;0.93;0.14;0.81
2025-04-04;GBPCAD;1;1;0.69;0.93;0.18;0.81
2025-04-04;EURNZD;1;1;0.98;;0.44;0.81
2025-04-11;AUDUSD;-1;1;0.09;0.38;0.20;0.91
2025-04-11;EURCHF;-1;1;0.44;;0.69;0.91
2025-04-11;GBPNZD;1;1;0.65;;0.08;0.91
2025-04-11;CADJPY;-1;2;0.62;0.94;0.83;0.91
2025-04-11;EURAUD;1;3;0.99;0.92;0.61;0.91
2025-04-11;AUDCAD;-1;2;0.57;0.93;0.03;0.91
2025-04-11;GBPCAD;1;2;0.72;0.93;0.07;0.91
2025-04-11;EURNZD;1;2;0.92;;0.32;0.91
2025-04-18;AUDUSD;1;1;0.23;0.38;0.37;0.95
2025-04-18;EURCHF;-1;1;0.39;;0.70;0.95
2025-04-18;GBPNZD;1;1;0.53;;0.10;0.95
2025-04-18;CADJPY;-1;2;0.65;0.94;0.82;0.95
2025-04-18;EURAUD;1;3;0.95;0.92;0.52;0.95
2025-04-18;AUDCAD;-1;2;0.49;0.93;0.18;0.95
2025-04-18;GBPCAD;1;2;0.74;0.93;0.32;0.95
2025-04-18;EURNZD;1;1;0.70;;0.29;0.95
2025-04-25;AUDUSD;1;1;0.38;0.38;0.42;0.98
2025-04-25;EURCHF;1;1;0.11;;0.49;0.98
2025-04-25;GBPNZD;1;1;0.24;;0.05;0.98
2025-04-25;CADJPY;-1;2;0.40;0.94;0.75;0.98
2025-04-25;EURAUD;1;2;0.89;0.92;0.46;0.98
2025-04-25;AUDCAD;-1;2;0.29;0.93;0.24;0.98
2025-04-25;GBPCAD;1;2;0.63;0.93;0.13;0.98
2025-04-25;EURNZD;1;1;0.54;;0.15;0.98
2025-05-02;AUDUSD;1;1;0.41;0.18;0.49;0.98
2025-05-02;EURCHF;-1;1;0.09;;0.48;0.98
2025-05-02;GBPNZD;1;1;0.31;;0.04;0.98
2025-05-02;CADJPY;-1;1;0.20;0.88;0.69;0.98
2025-05-02;EURAUD;1;1;0.87;0.86;0.47;0.98
2025-05-02;AUDCAD;-1;1;0.24;0.80;0.19;0.98
2025-05-02;GBPCAD;1;1;0.63;0.80;0.20;0.98
2025-05-02;EURNZD;1;1;0.62;;0.01;0.98
2025-05-09;AUDUSD;1;1;0.32;0.18;0.48;0.90
2025-05-09;EURCHF;-1;1;0.22;;0.45;0.90
2025-05-09;GBPNZD;1;1;0.26;;0.01;0.90
2025-05-09;CADJPY;-1;1;0.42;0.88;0.50;0.90
2025-05-09;EURAUD;1;1;0.82;0.86;0.42;0.90
2025-05-09;AUDCAD;-1;1;0.02;0.80;0.21;0.90
2025-05-09;GBPCAD;1;1;0.79;0.80;0.07;0.90
2025-05-09;EURNZD;1;1;0.49;;0.01;0.90
2025-05-16;AUDUSD;1;0;0.06;0.18;0.29;0.82
2025-05-16;EURCHF;-1;0;0.13;;0.60;0.82
2025-05-16;GBPNZD;1;0;0.50;;0.11;0.82
2025-05-16;CADJPY;-1;0;0.12;0.88;0.34;0.82
2025-05-16;EURAUD;1;0;0.82;0.86;0.63;0.82
2025-05-16;AUDCAD;-1;0;0.24;0.80;0.22;0.82
2025-05-16;GBPCAD;1;0;0.68;0.80;0.03;0.82
2025-05-16;EURNZD;1;0;0.64;;0.05;0.82
2025-05-23;AUDUSD;1;0;0.58;0.18;0.15;0.73
2025-05-23;EURCHF;-1;0;0.16;;0.51;0.73
2025-05-23;GBPNZD;1;0;0.10;;0.22;0.73
2025-05-23;CADJPY;-1;0;0.10;0.88;0.46;0.73
2025-05-23;EURAUD;1;0;0.68;0.86;0.74;0.73
2025-05-23;AUDCAD;-1;0;0.13;0.80;0.23;0.73
2025-05-23;GBPCAD;1;0;0.49;0.80;0.25;0.73
2025-05-23;EURNZD;1;0;0.36;;0.03;0.73
2025-05-30;AUDUSD;1;0;0.18;0.18;0.45;0.68
2025-05-30;EURCHF;-1;0;0.66;;0.39;0.68
2025-05-30;GBPNZD;1;0;0.09;;0.10;0.68
2025-05-30;CADJPY;-1;0;0.18;0.88;0.28;0.68
2025-05-30;EURAUD;1;0;0.56;0.86;0.80;0.68
2025-05-30;AUDCAD;-1;0;0.46;0.80;0.35;0.68
2025-05-30;GBPCAD;1;0;0.15;0.80;0.37;0.68
2025-05-30;EURNZD;1;0;0.15;;0.10;0.68
2025-06-06;AUDUSD;1;0;0.47;0.58;0.35;0.61
2025-06-06;EURCHF;-1;0;0.70;;0.27;0.61
2025-06-06;GBPNZD;1;0;0.15;;0.42;0.61
2025-06-06;CADJPY;1;0;0.41;0.83;0.04;0.61
2025-06-06;EURAUD;1;0;0.30;0.81;0.71;0.61
2025-06-06;AUDCAD;-1;0;0.36;0.36;0.24;0.61
2025-06-06;GBPCAD;1;0;0.19;0.55;0.14;0.61
2025-06-06;EURNZD;1;0;0.09;;0.22;0.61
2025-06-13;AUDUSD;1;0;0.50;0.58;0.58;0.61
2025-06-13;EURCHF;-1;0;0.61;;0.15;0.61
2025-06-13;GBPNZD;1;0;0.03;;0.17;0.61
2025-06-13;CADJPY;1;0;0.30;0.83;0.07;0.61
2025-06-13;EURAUD;1;0;0.53;0.81;0.76;0.61
2025-06-13;AUDCAD;-1;0;0.40;0.36;0.57;0.61
2025-06-13;GBPCAD;1;0;0.20;0.55;0.11;0.61
2025-06-13;EURNZD;1;0;0.27;;0.20;0.61
2025-06-20;AUDUSD;1;0;0.34;0.58;0.39;0.62
2025-06-20;EURCHF;1;0;0.36;;0.41;0.62
2025-06-20;GBPNZD;1;0;0.10;;0.76;0.62
2025-06-20;CADJPY;1;0;0.10;0.83;0.44;0.62
2025-06-20;EURAUD;1;0;0.71;0.81;0.52;0.62
2025-06-20;AUDCAD;-1;0;0.27;0.36;0.65;0.62
2025-06-20;GBPCAD;1;0;0.21;0.55;0.30;0.62
2025-06-20;EURNZD;1;0;0.47;;0.76;0.62
2025-06-27;AUDUSD;1;0;0.52;0.58;0.22;0.59
2025-06-27;EURCHF;-1;0;0.64;;0.42;0.59
2025-06-27;GBPNZD;1;1;0.03;;0.95;0.59
2025-06-27;CADJPY;1;0;0.17;0.83;0.48;0.59
2025-06-27;EURAUD;1;0;0.67;0.81;0.44;0.59
2025-06-27;AUDCAD;1;0;0.21;0.36;0.64;0.59
2025-06-27;GBPCAD;1;0;0.30;0.55;0.66;0.59
2025-06-27;EURNZD;1;0;0.37;;0.87;0.59
2025-07-04;AUDUSD;1;1;0.97;0.58;0.21;0.58
2025-07-04;EURCHF;-1;0;0.03;;0.42;0.58
2025-07-04;GBPNZD;1;1;0.42;;0.97;0.58
2025-07-04;CADJPY;1;0;0.51;0.76;0.38;0.58
2025-07-04;EURAUD;1;0;0.32;0.81;0.47;0.58
2025-07-04;AUDCAD;-1;0;0.83;0.18;0.52;0.58
2025-07-04;GBPCAD;1;0;0.58;0.18;0.52;0.58
2025-07-04;EURNZD;1;1;0.21;;0.91;0.58
2025-07-11;AUDUSD;1;0;0.63;0.58;0.67;0.55
2025-07-11;EURCHF;-1;0;0.17;;0.16;0.55
2025-07-11;GBPNZD;-1;1;0.13;;0.93;0.55
2025-07-11;CADJPY;1;0;0.75;0.76;0.48;0.55
2025-07-11;EURAUD;1;0;0.02;0.81;0.76;0.55
2025-07-11;AUDCAD;1;0;0.38;0.18;0.67;0.55
2025-07-11;GBPCAD;1;0;0.06;0.18;0.13;0.55
2025-07-11;EURNZD;1;1;0.48;;0.92;0.55
2025-07-18;AUDUSD;1;0;0.41;0.58;0.69;0.48
2025-07-18;EURCHF;-1;0;0.12;;0.15;0.48
2025-07-18;GBPNZD;-1;0;0.19;;0.85;0.48
2025-07-18;CADJPY;1;0;0.84;0.76;0.40;0.48
2025-07-18;EURAUD;1;0;0.13;0.81;0.77;0.48
2025-07-18;AUDCAD;1;0;0.39;0.18;0.37;0.48
2025-07-18;GBPCAD;-1;0;0.05;0.18;0.46;0.48
2025-07-18;EURNZD;1;0;0.49;;0.87;0.48
2025-07-25;AUDUSD;1;0;0.50;0.58;0.77;0.45
2025-07-25;EURCHF;-1;0;0.22;;0.28;0.45
2025-07-25;GBPNZD;-1;0;0.23;;0.86;0.45
2025-07-25;CADJPY;1;0;0.77;0.76;0.21;0.45
2025-07-25;EURAUD;1;0;0.05;0.81;0.84;0.45
2025-07-25;AUDCAD;1;0;0.44;0.18;0.36;0.45
2025-07-25;GBPCAD;-1;0;0.26;0.18;0.13;0.45
2025-07-25;EURNZD;1;0;0.49;;0.63;0.45
2025-08-01;AUDUSD;1;0;0.07;0.71;0.77;0.45
2025-08-01;EURCHF;-1;0;0.13;;0.11;0.45
2025-08-01;GBPNZD;-1;0;0.20;;0.86;0.45
2025-08-01;CADJPY;1;0;0.65;0.50;0.29;0.45
2025-08-01;EURAUD;1;0;0.60;0.40;0.82;0.45
2025-08-01;AUDCAD;1;0;0.10;0.55;0.28;0.45
2025-08-01;GBPCAD;-1;0;0.28;0.54;0.26;0.45
2025-08-01;EURNZD;1;0;0.78;;0.56;0.45
2025-08-08;AUDUSD;1;0;0.19;0.71;0.80;0.45
2025-08-08;EURCHF;1;0;0.06;;0.26;0.45
2025-08-08;GBPNZD;1;1;0.26;;0.93;0.45
2025-08-08;CADJPY;1;0;0.28;0.50;0.36;0.45
2025-08-08;EURAUD;1;0;0.87;0.40;0.85;0.45
2025-08-08;AUDCAD;1;0;0.20;0.55;0.41;0.45
2025-08-08;GBPCAD;1;0;0.08;0.54;0.62;0.45
2025-08-08;EURNZD;1;0;0.87;;0.55;0.45
2025-08-15;AUDUSD;1;0;0.37;0.71;0.79;0.41
2025-08-15;EURCHF;1;0;0.37;;0.31;0.41
2025-08-15;GBPNZD;1;1;0.32;;0.94;0.41
2025-08-15;CADJPY;1;0;0.52;0.50;0.45;0.41
2025-08-15;EURAUD;1;0;0.72;0.40;0.83;0.41
2025-08-15;AUDCAD;1;0;0.24;0.55;0.38;0.41
2025-08-15;GBPCAD;1;0;0.16;0.54;0.65;0.41
2025-08-15;EURNZD;1;0;0.86;;0.56;0.41
2025-08-22;AUDUSD;1;0;0.25;0.71;0.70;0.40
2025-08-22;EURCHF;1;0;0.26;;0.31;0.40
2025-08-22;GBPNZD;1;1;0.60;;0.91;0.40
2025-08-22;CADJPY;1;0;0.21;0.50;0.51;0.40
2025-08-22;EURAUD;1;0;0.80;0.40;0.76;0.40
2025-08-22;AUDCAD;1;0;0.38;0.55;0.39;0.40
2025-08-22;GBPCAD;1;0;0.23;0.54;0.60;0.40
2025-08-22;EURNZD;1;1;0.98;;0.57;0.40
2025-08-29;AUDUSD;1;0;0.18;0.71;0.71;0.38
2025-08-29;EURCHF;-1;0;0.02;;0.21;0.38
2025-08-29;GBPNZD;1;1;0.55;;0.95;0.38
2025-08-29;CADJPY;1;0;0.48;0.50;0.35;0.38
2025-08-29;EURAUD;1;0;0.53;0.40;0.76;0.38
2025-08-29;AUDCAD;1;0;0.39;0.55;0.31;0.38
2025-08-29;GBPCAD;1;0;0.01;0.54;0.69;0.38
2025-08-29;EURNZD;1;1;0.94;;0.57;0.38
2025-09-05;AUDUSD;1;0;0.16;0.39;0.59;0.37
2025-09-05;EURCHF;-1;0;0.16;;0.20;0.37
2025-09-05;GBPNZD;1;1;0.67;;0.90;0.37
2025-09-05;CADJPY;1;0;0.05;0.47;0.40;0.37
2025-09-05;EURAUD;1;0;0.67;0.23;0.65;0.37
2025-09-05;AUDCAD;1;0;0.54;0.55;0.14;0.37
2025-09-05;GBPCAD;1;0;0.40;0.67;0.62;0.37
2025-09-05;EURNZD;1;1;0.98;;0.45;0.37
2025-09-12;AUDUSD;1;0;0.44;0.39;0.32;0.37
2025-09-12;EURCHF;-1;0;0.27;;0.30;0.37
2025-09-12;GBPNZD;1;0;0.59;;0.86;0.37
2025-09-12;CADJPY;1;0;0.01;0.47;0.10;0.37
2025-09-12;EURAUD;-1;0;0.07;0.23;0.42;0.37
2025-09-12;AUDCAD;1;1;0.92;0.55;0.12;0.37
2025-09-12;GBPCAD;1;0;0.66;0.67;0.66;0.37
2025-09-12;EURNZD;1;0;0.82;;0.28;0.37
2025-09-19;AUDUSD;1;0;0.39;0.39;0.60;0.38
2025-09-19;EURCHF;-1;0;0.10;;0.35;0.38
2025-09-19;GBPNZD;1;0;0.52;;0.21;0.38
2025-09-19;CADJPY;1;0;0.32;0.47;0.09;0.38
2025-09-19;EURAUD;1;0;0.14;0.23;0.56;0.38
2025-09-19;AUDCAD;1;0;0.56;0.55;0.74;0.38
2025-09-19;GBPCAD;1;0;0.31;0.67;0.31;0.38
2025-09-19;EURNZD;1;0;0.90;;0.68;0.38
2025-09-26;AUDUSD;1;0;0.09;0.39;0.52;0.40
2025-09-26;EURCHF;-1;0;0.02;;0.03;0.40
2025-09-26;GBPNZD;1;0;0.87;;0.57;0.40
2025-09-26;CADJPY;1;0;0.38;0.47;0.30;0.40
2025-09-26;EURAUD;1;0;0.14;0.23;0.51;0.40
2025-09-26;AUDCAD;1;0;0.64;0.55;0.87;0.40
2025-09-26;GBPCAD;1;0;0.27;0.67;0.27;0.40
2025-09-26;EURNZD;1;1;0.94;;0.79;0.40
2025-10-03;AUDUSD;1;0;0.16;0.11;0.38;0.41
2025-10-03;EURCHF;-1;0;0.12;;0.20;0.41
2025-10-03;GBPNZD;1;0;0.74;;0.49;0.41
2025-10-03;CADJPY;-1;0;0.31;0.55;0.04;0.41
2025-10-03;EURAUD;-1;0;0.05;0.42;0.33;0.41
2025-10-03;AUDCAD;1;0;0.78;0.43;0.68;0.41
2025-10-03;GBPCAD;1;0;0.44;0.54;0.07;0.41
2025-10-03;EURNZD;1;0;0.88;;0.75;0.41
2025-10-10;AUDUSD;-1;0;0.05;0.11;0.63;0.46
2025-10-10;EURCHF;-1;0;0.10;;0.34;0.46
2025-10-10;GBPNZD;1;0;0.82;;0.59;0.46
2025-10-10;CADJPY;1;0;0.09;0.55;0.15;0.46
2025-10-10;EURAUD;1;0;0.00;0.42;0.62;0.46
2025-10-10;AUDCAD;1;0;0.62;0.43;0.74;0.46
2025-10-10;GBPCAD;1;0;0.45;0.54;0.10;0.46
2025-10-10;EURNZD;1;0;0.88;;0.80;0.46
2025-10-17;AUDUSD;-1;0;0.39;0.11;0.63;0.57
2025-10-17;EURCHF;-1;0;0.45;;0.28;0.57
2025-10-17;GBPNZD;1;1;0.97;;0.57;0.57
2025-10-17;CADJPY;1;0;0.14;0.55;0.15;0.57
2025-10-17;EURAUD;1;0;0.36;0.42;0.66;0.57
2025-10-17;AUDCAD;1;0;0.52;0.43;0.71;0.57
2025-10-17;GBPCAD;1;0;0.70;0.54;0.23;0.57
2025-10-17;EURNZD;1;1;0.98;;0.78;0.57
2025-10-24;AUDUSD;-1;0;0.27;0.11;0.57;0.60
2025-10-24;EURCHF;-1;0;0.31;;0.09;0.60
2025-10-24;GBPNZD;1;0;0.85;;0.59;0.60
2025-10-24;CADJPY;1;0;0.23;0.55;0.19;0.60
2025-10-24;EURAUD;1;0;0.18;0.42;0.58;0.60
2025-10-24;AUDCAD;1;0;0.73;0.43;0.73;0.60
2025-10-24;GBPCAD;1;0;0.52;0.54;0.34;0.60
2025-10-24;EURNZD;1;1;0.95;;0.65;0.60
2025-10-31;AUDUSD;1;0;0.19;0.11;0.29;0.60
2025-10-31;EURCHF;-1;0;0.67;;0.21;0.60
2025-10-31;GBPNZD;1;0;0.63;;0.68;0.60
2025-10-31;CADJPY;1;0;0.53;0.55;0.27;0.60
2025-10-31;EURAUD;-1;0;0.56;0.42;0.35;0.60
2025-10-31;AUDCAD;1;0;0.77;0.43;0.57;0.60
2025-10-31;GBPCAD;-1;0;0.10;0.54;0.42;0.60
2025-10-31;EURNZD;1;0;0.79;;0.67;0.60
2025-11-07;AUDUSD;-1;0;0.29;0.12;0.53;0.61
2025-11-07;EURCHF;-1;0;0.67;;0.09;0.61
2025-11-07;GBPNZD;1;0;0.82;;0.60;0.61
2025-11-07;CADJPY;1;0;0.31;0.72;0.25;0.61
2025-11-07;EURAUD;1;0;0.03;0.34;0.59;0.61
2025-11-07;AUDCAD;1;0;0.39;0.25;0.70;0.61
2025-11-07;GBPCAD;-1;0;0.27;0.50;0.41;0.61
2025-11-07;EURNZD;1;1;0.97;;0.59;0.61
2025-11-14;AUDUSD;1;0;0.37;0.12;0.36;0.56
2025-11-14;EURCHF;-1;0;0.88;;0.20;0.56
2025-11-14;GBPNZD;1;0;0.34;;0.51;0.56
2025-11-14;CADJPY;1;0;0.62;0.72;0.21;0.56
2025-11-14;EURAUD;-1;0;0.59;0.34;0.53;0.56
2025-11-14;AUDCAD;1;0;0.77;0.25;0.54;0.56
2025-11-14;GBPCAD;-1;0;0.41;0.50;0.08;0.56
2025-11-14;EURNZD;1;0;0.84;;0.60;0.56
2025-11-21;AUDUSD;-1;0;0.15;0.12;0.41;0.66
2025-11-21;EURCHF;-1;0;0.33;;0.30;0.66
2025-11-21;GBPNZD;1;0;0.49;;0.53;0.66
2025-11-21;CADJPY;1;0;0.73;0.72;0.03;0.66
2025-11-21;EURAUD;-1;0;0.22;0.34;0.47;0.66
2025-11-21;AUDCAD;1;0;0.41;0.25;0.52;0.66
2025-11-21;GBPCAD;-1;0;0.30;0.50;0.21;0.66
2025-11-21;EURNZD;1;0;0.84;;0.71;0.66
2025-11-28;AUDUSD;1;0;0.14;0.12;0.41;0.68
2025-11-28;EURCHF;-1;0;0.22;;0.41;0.68
2025-11-28;GBPNZD;1;0;0.30;;0.52;0.68
2025-11-28;CADJPY;1;0;0.70;0.72;0.22;0.68
2025-11-28;EURAUD;-1;0;0.33;0.34;0.50;0.68
2025-11-28;AUDCAD;1;0;0.57;0.25;0.42;0.68
2025-11-28;GBPCAD;-1;0;0.08;0.50;0.28;0.68
2025-11-28;EURNZD;1;0;0.48;;0.68;0.68
2025-12-05;AUDUSD;1;0;0.17;0.54;0.15;0.64
2025-12-05;EURCHF;1;0;0.20;;0.59;0.64
2025-12-05;GBPNZD;1;0;0.36;;0.61;0.64
2025-12-05;CADJPY;1;0;0.82;0.75;0.07;0.64
2025-12-05;EURAUD;-1;0;0.46;0.55;0.21;0.64
2025-12-05;AUDCAD;1;0;0.29;0.42;0.24;0.64
2025-12-05;GBPCAD;-1;0;0.40;0.48;0.22;0.64
2025-12-05;EURNZD;1;0;0.55;;0.72;0.64
2025-12-12;AUDUSD;1;0;0.16;0.54;0.69;0.61
2025-12-12;EURCHF;1;0;0.03;;0.65;0.61
2025-12-12;GBPNZD;1;0;0.27;;0.58;0.61
2025-12-12;CADJPY;1;0;0.84;0.75;0.28;0.61
2025-12-12;EURAUD;-1;0;0.12;0.55;0.65;0.61
2025-12-12;AUDCAD;1;0;0.12;0.42;0.65;0.61
2025-12-12;GBPCAD;-1;0;0.54;0.48;0.17;0.61
2025-12-12;EURNZD;1;0;0.62;;0.73;0.61
2025-12-19;AUDUSD;1;0;0.08;0.54;0.83;0.47
2025-12-19;EURCHF;-1;0;0.16;;0.13;0.47
2025-12-19;GBPNZD;1;0;0.20;;0.13;0.47
2025-12-19;CADJPY;1;0;0.90;0.75;0.62;0.47
2025-12-19;EURAUD;-1;0;0.30;0.55;0.81;0.47
2025-12-19;AUDCAD;1;0;0.05;0.42;0.54;0.47
2025-12-19;GBPCAD;-1;0;0.41;0.48;0.56;0.47
2025-12-19;EURNZD;1;0;0.31;;0.24;0.47
2025-12-26;AUDUSD;1;0;0.56;0.54;0.84;0.39
2025-12-26;EURCHF;-1;0;0.31;;0.81;0.39
2025-12-26;GBPNZD;1;0;0.12;;0.10;0.39
2025-12-26;CADJPY;1;1;0.92;0.75;0.83;0.39
2025-12-26;EURAUD;-1;0;0.50;0.55;0.75;0.39
2025-12-26;AUDCAD;1;0;0.11;0.42;0.04;0.39
2025-12-26;GBPCAD;-1;1;0.41;0.48;0.92;0.39
2025-12-26;EURNZD;1;0;0.13;;0.48;0.39
2026-01-02;AUDUSD;1;0;0.30;0.55;0.87;0.37
2026-01-02;EURCHF;-1;0;0.27;;0.72;0.37
2026-01-02;GBPNZD;1;0;0.38;;0.33;0.37
2026-01-02;CADJPY;1;1;0.94;0.79;0.80;0.37
2026-01-02;EURAUD;-1;0;0.33;0.55;0.81;0.37
2026-01-02;AUDCAD;1;0;0.18;0.45;0.05;0.37
2026-01-02;GBPCAD;-1;1;0.48;0.12;0.92;0.37
2026-01-02;EURNZD;1;0;0.35;;0.61;0.37
2026-01-09;AUDUSD;1;0;0.72;0.55;0.82;0.35
2026-01-09;EURCHF;1;0;0.07;;0.53;0.35
2026-01-09;GBPNZD;1;0;0.18;;0.13;0.35
2026-01-09;CADJPY;1;0;0.81;0.79;0.80;0.35
2026-01-09;EURAUD;-1;0;0.78;0.55;0.73;0.35
2026-01-09;AUDCAD;1;0;0.73;0.45;0.20;0.35
2026-01-09;GBPCAD;1;1;0.09;0.12;0.93;0.35
2026-01-09;EURNZD;1;0;0.06;;0.50;0.35
2026-01-16;AUDUSD;1;0;0.65;0.55;0.84;0.35
2026-01-16;EURCHF;-1;0;0.48;;0.43;0.35
2026-01-16;GBPNZD;1;0;0.10;;0.39;0.35
2026-01-16;CADJPY;1;0;0.88;0.79;0.88;0.35
2026-01-16;EURAUD;-1;0;0.83;0.55;0.81;0.35
2026-01-16;AUDCAD;1;0;0.61;0.45;0.13;0.35
2026-01-16;GBPCAD;1;0;0.35;0.12;0.87;0.35
2026-01-16;EURNZD;-1;0;0.17;;0.52;0.35
2026-01-23;AUDUSD;1;1;0.93;0.55;0.89;0.40
2026-01-23;EURCHF;-1;0;0.13;;0.30;0.40
2026-01-23;GBPNZD;-1;0;0.28;;0.29;0.40
2026-01-23;CADJPY;1;1;0.86;0.79;0.95;0.40
2026-01-23;EURAUD;-1;1;0.92;0.55;0.88;0.40
2026-01-23;AUDCAD;1;1;0.93;0.45;0.05;0.40
2026-01-23;GBPCAD;1;0;0.04;0.12;0.86;0.40
2026-01-23;EURNZD;-1;0;0.56;;0.28;0.40
2026-01-30;AUDUSD;1;2;0.99;0.55;0.97;0.45
2026-01-30;EURCHF;-1;0;0.53;;0.44;0.45
2026-01-30;GBPNZD;-1;0;0.33;;0.44;0.45
2026-01-30;CADJPY;1;1;0.64;0.79;0.96;0.45
2026-01-30;EURAUD;-1;1;0.88;0.55;0.95;0.45
2026-01-30;AUDCAD;1;1;0.93;0.45;0.04;0.45
2026-01-30;GBPCAD;1;1;0.39;0.12;0.92;0.45
2026-01-30;EURNZD;-1;0;0.68;;0.39;0.45
2026-02-06;AUDUSD;1;2;1.00;0.84;0.97;0.51
2026-02-06;EURCHF;-1;0;0.69;;0.54;0.51
2026-02-06;GBPNZD;-1;0;0.88;;0.51;0.51
2026-02-06;CADJPY;1;1;0.88;0.79;0.96;0.51
2026-02-06;EURAUD;-1;2;0.98;0.30;0.95;0.51
2026-02-06;AUDCAD;1;1;0.99;0.80;0.15;0.51
2026-02-06;GBPCAD;-1;0;0.08;0.52;0.90;0.51
2026-02-06;EURNZD;-1;1;0.97;;0.32;0.51
2026-02-13;AUDUSD;1;2;0.99;0.84;0.99;0.58
2026-02-13;EURCHF;-1;0;0.54;;0.53;0.58
2026-02-13;GBPNZD;-1;0;0.81;;0.57;0.58
2026-02-13;CADJPY;1;1;0.29;0.79;0.97;0.58
2026-02-13;EURAUD;-1;2;0.98;0.30;0.97;0.58
2026-02-13;AUDCAD;1;1;0.99;0.80;0.09;0.58
2026-02-13;GBPCAD;1;1;0.21;0.52;0.90;0.58
2026-02-13;EURNZD;-1;1;0.90;;0.36;0.58
2026-02-20;AUDUSD;1;2;1.00;0.84;0.99;0.62
2026-02-20;EURCHF;-1;0;0.78;;0.38;0.62
2026-02-20;GBPNZD;-1;0;0.86;;0.32;0.62
2026-02-20;CADJPY;1;1;0.37;0.79;0.94;0.62
2026-02-20;EURAUD;-1;2;1.00;0.30;0.98;0.62
2026-02-20;AUDCAD;1;1;1.00;0.80;0.14;0.62
2026-02-20;GBPCAD;-1;1;0.05;0.52;0.95;0.62
2026-02-20;EURNZD;-1;1;0.94;;0.18;0.62
2026-02-27;AUDUSD;1;2;0.99;0.84;1.00;0.66
2026-02-27;EURCHF;-1;1;0.92;;0.16;0.66
2026-02-27;GBPNZD;-1;0;0.83;;0.03;0.66
2026-02-27;CADJPY;1;1;0.59;0.79;0.93;0.66
2026-02-27;EURAUD;-1;2;0.99;0.30;0.99;0.66
2026-02-27;AUDCAD;1;1;1.00;0.80;0.03;0.66
2026-02-27;GBPCAD;-1;1;0.31;0.52;0.96;0.66
2026-02-27;EURNZD;-1;0;0.82;;0.03;0.66
2026-03-06;AUDUSD;1;1;0.90;0.83;1.00;0.73
2026-03-06;EURCHF;-1;1;0.99;;0.27;0.73
2026-03-06;GBPNZD;-1;0;0.54;;0.24;0.73
2026-03-06;CADJPY;1;1;0.57;0.76;0.96;0.73
2026-03-06;EURAUD;-1;2;0.99;0.61;1.00;0.73
2026-03-06;AUDCAD;1;0;0.90;0.86;0.08;0.73
2026-03-06;GBPCAD;-1;1;0.44;0.49;0.96;0.73
2026-03-06;EURNZD;-1;0;0.73;;0.14;0.73
2026-03-13;AUDUSD;1;1;0.81;0.83;0.93;0.80
2026-03-13;EURCHF;-1;1;0.98;;0.42;0.80
2026-03-13;GBPNZD;-1;0;0.38;;0.12;0.80
2026-03-13;CADJPY;1;1;0.57;0.76;0.96;0.80
2026-03-13;EURAUD;-1;2;1.00;0.61;0.94;0.80
2026-03-13;AUDCAD;1;1;0.94;0.86;0.67;0.80
2026-03-13;GBPCAD;-1;1;0.45;0.49;0.96;0.80
2026-03-13;EURNZD;-1;0;0.82;;0.23;0.80
2026-03-20;AUDUSD;1;0;0.81;0.83;0.89;0.83
2026-03-20;EURCHF;-1;0;0.86;;0.68;0.83
2026-03-20;GBPNZD;-1;0;0.57;;0.50;0.83
2026-03-20;CADJPY;1;0;0.31;0.76;0.86;0.83
2026-03-20;EURAUD;-1;2;0.99;0.61;0.95;0.83
2026-03-20;AUDCAD;1;1;0.94;0.86;0.07;0.83
2026-03-20;GBPCAD;-1;1;0.42;0.49;0.91;0.83
2026-03-20;EURNZD;-1;0;0.77;;0.51;0.83
2026-03-27;AUDUSD;1;1;0.52;0.83;0.92;0.87
2026-03-27;EURCHF;-1;1;0.62;;0.90;0.87
2026-03-27;GBPNZD;1;0;0.18;;0.42;0.87
2026-03-27;CADJPY;1;0;0.21;0.76;0.79;0.87
2026-03-27;EURAUD;-1;2;0.92;0.61;0.98;0.87
2026-03-27;AUDCAD;1;0;0.84;0.86;0.27;0.87
2026-03-27;GBPCAD;-1;0;0.03;0.49;0.77;0.87
2026-03-27;EURNZD;-1;0;0.42;;0.62;0.87
2026-04-03;AUDUSD;1;1;0.44;0.79;0.94;0.88
2026-04-03;EURCHF;-1;0;0.48;;0.88;0.88
2026-04-03;GBPNZD;1;0;0.17;;0.47;0.88
2026-04-03;CADJPY;1;0;0.21;0.68;0.67;0.88
2026-04-03;EURAUD;-1;1;0.81;0.69;0.98;0.88
2026-04-03;AUDCAD;1;0;0.71;0.82;0.83;0.88
2026-04-03;GBPCAD;-1;0;0.39;0.10;0.30;0.88
2026-04-03;EURNZD;1;0;0.02;;0.66;0.88
2026-04-10;AUDUSD;1;1;0.79;0.79;0.90;0.86
2026-04-10;EURCHF;1;0;0.26;;0.87;0.86
2026-04-10;GBPNZD;1;0;0.43;;0.37;0.86
2026-04-10;CADJPY;1;0;0.21;0.68;0.59;0.86
2026-04-10;EURAUD;-1;2;0.94;0.69;0.98;0.86
2026-04-10;AUDCAD;1;1;0.94;0.82;0.88;0.86
2026-04-10;GBPCAD;1;0;0.09;0.10;0.14;0.86
2026-04-10;EURNZD;1;0;0.29;;0.53;0.86
2026-04-17;AUDUSD;1;0;0.76;0.79;0.89;0.82
2026-04-17;EURCHF;-1;0;0.35;;0.76;0.82
2026-04-17;GBPNZD;-1;0;0.10;;0.40;0.82
2026-04-17;CADJPY;1;0;0.16;0.68;0.08;0.82
2026-04-17;EURAUD;-1;2;0.92;0.69;0.94;0.82
2026-04-17;AUDCAD;1;1;0.85;0.82;0.91;0.82
2026-04-17;GBPCAD;1;0;0.17;0.10;0.04;0.82
2026-04-17;EURNZD;-1;0;0.11;;0.37;0.82
2026-04-24;AUDUSD;1;0;0.40;0.79;0.86;0.74
2026-04-24;EURCHF;-1;0;0.13;;0.66;0.74
2026-04-24;GBPNZD;1;0;0.25;;0.11;0.74
2026-04-24;CADJPY;1;0;0.62;0.68;0.20;0.74
2026-04-24;EURAUD;-1;1;0.87;0.69;0.91;0.74
2026-04-24;AUDCAD;1;0;0.71;0.82;0.77;0.74
2026-04-24;GBPCAD;1;0;0.29;0.10;0.22;0.74
2026-04-24;EURNZD;-1;0;0.30;;0.06;0.74
2026-05-01;AUDUSD;1;0;0.62;0.89;0.77;0.65
2026-05-01;EURCHF;-1;0;0.04;;0.70;0.65
2026-05-01;GBPNZD;1;0;0.53;;0.44;0.65
2026-05-01;CADJPY;1;0;0.13;0.52;0.20;0.65
2026-05-01;EURAUD;-1;0;0.84;0.86;0.87;0.65
2026-05-01;AUDCAD;1;0;0.63;0.82;0.74;0.65
2026-05-01;GBPCAD;1;0;0.09;0.59;0.28;0.65
2026-05-01;EURNZD;-1;0;0.22;;0.24;0.65
2026-05-08;AUDUSD;1;0;0.41;0.89;0.70;0.57
2026-05-08;EURCHF;-1;0;0.09;;0.78;0.57
2026-05-08;GBPNZD;-1;0;0.41;;0.27;0.57
2026-05-08;CADJPY;-1;0;0.45;0.52;0.12;0.57
2026-05-08;EURAUD;-1;0;0.72;0.86;0.86;0.57
2026-05-08;AUDCAD;1;0;0.57;0.82;0.65;0.57
2026-05-08;GBPCAD;1;0;0.13;0.59;0.33;0.57
2026-05-08;EURNZD;-1;0;0.17;;0.15;0.57
2026-05-15;AUDUSD;1;0;0.16;0.89;0.65;0.57
2026-05-15;EURCHF;-1;0;0.06;;0.76;0.57
2026-05-15;GBPNZD;-1;0;0.31;;0.22;0.57
2026-05-15;CADJPY;1;0;0.38;0.52;0.07;0.57
2026-05-15;EURAUD;-1;0;0.63;0.86;0.84;0.57
2026-05-15;AUDCAD;1;0;0.33;0.82;0.70;0.57
2026-05-15;GBPCAD;-1;0;0.27;0.59;0.30;0.57
2026-05-15;EURNZD;1;0;0.26;;0.41;0.57
2026-05-22;AUDUSD;1;0;0.03;0.89;0.48;0.53
2026-05-22;EURCHF;-1;0;0.14;;0.79;0.53
2026-05-22;GBPNZD;1;0;0.68;;0.28;0.53
2026-05-22;CADJPY;1;0;0.15;0.52;0.14;0.53
2026-05-22;EURAUD;-1;0;0.58;0.86;0.80;0.53
2026-05-22;AUDCAD;1;0;0.36;0.82;0.77;0.53
2026-05-22;GBPCAD;1;0;0.38;0.59;0.54;0.53
2026-05-22;EURNZD;-1;0;0.15;;0.43;0.53
2026-05-29;AUDUSD;1;0;0.52;0.89;0.06;0.50
2026-05-29;EURCHF;-1;0;0.35;;0.80;0.50
2026-05-29;GBPNZD;-1;0;0.15;;0.08;0.50
2026-05-29;CADJPY;1;0;0.11;0.52;0.15;0.50
2026-05-29;EURAUD;-1;0;0.52;0.86;0.50;0.50
2026-05-29;AUDCAD;1;0;0.77;0.82;0.79;0.50
2026-05-29;GBPCAD;1;0;0.59;0.59;0.86;0.50
2026-05-29;EURNZD;-1;0;0.21;;0.40;0.50
2026-06-05;AUDUSD;-1;0;0.09;0.81;0.53;0.49
2026-06-05;EURCHF;1;0;0.65;;0.72;0.49
2026-06-05;GBPNZD;1;0;0.33;;0.41;0.49
2026-06-05;CADJPY;1;0;0.45;0.59;0.48;0.49
2026-06-05;EURAUD;-1;0;0.14;0.68;0.10;0.49
2026-06-05;AUDCAD;1;0;0.48;0.82;0.70;0.49
2026-06-05;GBPCAD;1;1;0.71;0.50;0.93;0.49
2026-06-05;EURNZD;1;0;0.27;;0.66;0.49
2026-06-12;AUDUSD;-1;0;0.04;0.81;0.52;0.52
2026-06-12;EURCHF;1;0;0.49;;0.63;0.52
2026-06-12;GBPNZD;1;0;0.13;;0.58;0.52
2026-06-12;CADJPY;-1;0;0.17;0.59;0.59;0.52
2026-06-12;EURAUD;-1;0;0.10;0.68;0.09;0.52
2026-06-12;AUDCAD;1;0;0.53;0.82;0.77;0.52
2026-06-12;GBPCAD;1;1;0.69;0.50;0.91;0.52
2026-06-12;EURNZD;1;0;0.14;;0.66;0.52
2026-06-19;AUDUSD;-1;0;0.19;0.81;0.84;0.51
2026-06-19;EURCHF;1;0;0.36;;0.28;0.51
2026-06-19;GBPNZD;1;0;0.04;;0.06;0.51
2026-06-19;CADJPY;-1;0;0.31;0.59;0.50;0.51
2026-06-19;EURAUD;-1;0;0.59;0.68;0.83;0.51
2026-06-19;AUDCAD;1;0;0.81;0.82;0.00;0.51
2026-06-19;GBPCAD;1;0;0.48;0.50;0.80;0.51
2026-06-19;EURNZD;1;0;0.04;;0.03;0.51
2026-06-26;AUDUSD;-1;0;0.12;0.81;0.90;0.56
2026-06-26;EURCHF;1;0;0.02;;0.27;0.56
2026-06-26;GBPNZD;1;0;0.41;;0.02;0.56
2026-06-26;CADJPY;-1;0;0.09;0.59;0.63;0.56
2026-06-26;EURAUD;1;0;0.47;0.68;0.90;0.56
2026-06-26;AUDCAD;1;0;0.45;0.82;0.22;0.56
2026-06-26;GBPCAD;1;0;0.51;0.50;0.78;0.56
2026-06-26;EURNZD;1;0;0.07;;0.32;0.56
2026-07-03;AUDUSD;-1;1;0.05;0.81;0.94;0.55
2026-07-03;EURCHF;1;0;0.42;;0.03;0.55
2026-07-03;GBPNZD;1;0;0.26;;0.12;0.55
2026-07-03;CADJPY;-1;0;0.40;0.50;0.39;0.55
2026-07-03;EURAUD;1;1;0.27;0.68;0.92;0.55
2026-07-03;AUDCAD;1;0;0.48;0.82;0.28;0.55
2026-07-03;GBPCAD;1;0;0.86;0.25;0.49;0.55
2026-07-03;EURNZD;1;0;0.30;;0.38;0.55
2026-07-10;AUDUSD;-1;1;0.57;0.81;0.94;0.47
2026-07-10;EURCHF;1;0;0.08;;0.09;0.47
2026-07-10;GBPNZD;1;0;0.38;;0.08;0.47
2026-07-10;CADJPY;-1;0;0.36;0.50;0.52;0.47
2026-07-10;EURAUD;1;1;0.18;0.68;0.91;0.47
2026-07-10;AUDCAD;1;0;0.07;0.82;0.39;0.47
2026-07-10;GBPCAD;1;0;0.64;0.25;0.51;0.47
2026-07-10;EURNZD;-1;0;0.22;;0.23;0.47
2026-07-17;AUDUSD;-1;1;0.58;0.81;0.94;0.47
2026-07-17;EURCHF;1;0;0.40;;0.37;0.47
2026-07-17;GBPNZD;1;0;0.14;;0.12;0.47
2026-07-17;CADJPY;1;0;0.26;0.50;0.28;0.47
2026-07-17;EURAUD;-1;0;0.04;0.68;0.88;0.47
2026-07-17;AUDCAD;1;0;0.04;0.82;0.56;0.47
2026-07-17;GBPCAD;1;0;0.75;0.25;0.40;0.47
2026-07-17;EURNZD;-1;0;0.47;;0.11;0.47
2026-07-24;AUDUSD;-1;1;0.59;0.81;0.95;0.46
2026-07-24;EURCHF;1;0;0.36;;0.64;0.46
2026-07-24;GBPNZD;1;0;0.08;;0.39;0.46
2026-07-24;CADJPY;1;0;0.10;0.50;0.42;0.46
2026-07-24;EURAUD;-1;0;0.07;0.68;0.84;0.46
2026-07-24;AUDCAD;1;0;0.09;0.82;0.42;0.46
2026-07-24;GBPCAD;1;0;0.59;0.25;0.67;0.46
2026-07-24;EURNZD;-1;0;0.37;;0.52;0.46
2026-07-31;AUDUSD;-1;1;0.57;0.81;0.96;0.49
2026-07-31;EURCHF;1;0;0.76;;0.77;0.49
2026-07-31;GBPNZD;-1;0;0.12;;0.34;0.49
2026-07-31;CADJPY;-1;0;0.62;0.50;0.56;0.49
2026-07-31;EURAUD;-1;0;0.26;0.68;0.84;0.49
2026-07-31;AUDCAD;1;0;0.19;0.82;0.30;0.49
2026-07-31;GBPCAD;1;0;0.74;0.25;0.78;0.49
2026-07-31;EURNZD;-1;0;0.35;;0.53;0.49
2026-08-07;AUDUSD;1;1;0.53;0.70;0.95;0.48
2026-08-07;EURCHF;1;0;0.78;;0.71;0.48
2026-08-07;GBPNZD;-1;0;0.22;;0.45;0.48
2026-08-07;CADJPY;-1;0;0.49;0.55;0.82;0.48
2026-08-07;EURAUD;-1;0;0.23;0.55;0.84;0.48
2026-08-07;AUDCAD;1;0;0.19;0.77;0.03;0.48
2026-08-07;GBPCAD;1;1;0.51;0.17;0.91;0.48
2026-08-07;EURNZD;-1;0;0.18;;0.59;0.48
2026-08-14;AUDUSD;1;1;0.05;0.70;0.96;0.43
2026-08-14;EURCHF;1;1;0.90;;0.78;0.43
2026-08-14;GBPNZD;-1;0;0.02;;0.33;0.43
2026-08-14;CADJPY;-1;0;0.21;0.55;0.82;0.43
2026-08-14;EURAUD;-1;0;0.01;0.55;0.86;0.43
2026-08-14;AUDCAD;1;0;0.23;0.77;0.08;0.43
2026-08-14;GBPCAD;1;0;0.75;0.17;0.82;0.43
2026-08-14;EURNZD;-1;0;0.39;;0.37;0.43
2026-08-21;AUDUSD;1;1;0.15;0.70;0.96;0.38
2026-08-21;EURCHF;1;0;0.81;;0.80;0.38
2026-08-21;GBPNZD;-1;0;0.04;;0.10;0.38
2026-08-21;CADJPY;1;0;0.03;0.55;0.77;0.38
2026-08-21;EURAUD;-1;0;0.04;0.55;0.86;0.38
2026-08-21;AUDCAD;1;0;0.03;0.77;0.28;0.38
2026-08-21;GBPCAD;1;0;0.49;0.17;0.85;0.38
2026-08-21;EURNZD;-1;0;0.32;;0.42;0.38
2026-08-28;AUDUSD;1;0;0.11;0.70;0.88;0.33
2026-08-28;EURCHF;1;0;0.82;;0.81;0.33
2026-08-28;GBPNZD;-1;0;0.07;;0.38;0.33
2026-08-28;CADJPY;1;0;0.00;0.55;0.58;0.33
2026-08-28;EURAUD;-1;0;0.15;0.55;0.78;0.33
2026-08-28;AUDCAD;1;0;0.13;0.77;0.51;0.33
2026-08-28;GBPCAD;1;0;0.42;0.17;0.62;0.33
2026-08-28;EURNZD;-1;0;0.28;;0.62;0.33
2026-09-04;AUDUSD;1;0;0.68;0.70;0.77;0.32
2026-09-04;EURCHF;1;0;0.77;;0.78;0.32
2026-09-04;GBPNZD;-1;0;0.09;;0.29;0.32
2026-09-04;CADJPY;-1;0;0.50;0.55;0.13;0.32
2026-09-04;EURAUD;-1;0;0.76;0.55;0.58;0.32
2026-09-04;AUDCAD;1;0;0.61;0.77;0.58;0.32
2026-09-04;GBPCAD;-1;0;0.13;0.17;0.20;0.32
2026-09-04;EURNZD;-1;0;0.18;;0.50;0.32
2026-09-11;AUDUSD;1;0;0.39;0.70;0.57;0.34
2026-09-11;EURCHF;1;0;0.88;;0.72;0.34
2026-09-11;GBPNZD;1;0;0.37;;0.56;0.34
2026-09-11;CADJPY;-1;0;0.70;0.55;0.53;0.34
2026-09-11;EURAUD;-1;0;0.59;0.55;0.30;0.34
2026-09-11;AUDCAD;1;0;0.16;0.77;0.62;0.34
2026-09-11;GBPCAD;1;0;0.10;0.17;0.26;0.34
2026-09-11;EURNZD;1;0;0.11;;0.67;0.34
2026-09-18;AUDUSD;1;0;0.78;0.70;0.28;0.36
2026-09-18;EURCHF;1;0;0.86;;0.70;0.36
2026-09-18;GBPNZD;1;0;0.15;;0.76;0.36
2026-09-18;CADJPY;-1;0;0.32;0.55;0.71;0.36
2026-09-18;EURAUD;-1;0;0.79;0.55;0.01;0.36
2026-09-18;AUDCAD;1;0;0.49;0.77;0.60;0.36
2026-09-18;GBPCAD;1;0;0.01;0.17;0.41;0.36
2026-09-18;EURNZD;1;0;0.03;;0.85;0.36
2026-09-25;AUDUSD;-1;0;0.57;0.70;0.41;0.35
2026-09-25;EURCHF;1;0;0.85;;0.88;0.35
2026-09-25;GBPNZD;1;0;0.01;;0.79;0.35
2026-09-25;CADJPY;-1;0;0.58;0.55;0.63;0.35
2026-09-25;EURAUD;-1;0;0.73;0.55;0.05;0.35
2026-09-25;AUDCAD;1;0;0.47;0.77;0.82;0.35
2026-09-25;GBPCAD;-1;0;0.33;0.17;0.67;0.35
2026-09-25;EURNZD;1;0;0.13;;0.88;0.35
2026-10-02;AUDUSD;-1;0;0.05;0.70;0.55;0.37
2026-10-02;EURCHF;1;0;0.49;;0.85;0.37
2026-10-02;GBPNZD;1;0;0.50;;0.82;0.37
2026-10-02;CADJPY;-1;0;0.71;0.55;0.66;0.37
2026-10-02;EURAUD;-1;0;0.70;0.55;0.19;0.37
2026-10-02;AUDCAD;1;0;0.26;0.77;0.79;0.37
2026-10-02;GBPCAD;1;0;0.31;0.17;0.64;0.37
2026-10-02;EURNZD;1;0;0.36;;0.85;0.37
